activity_id,opportunity_id,activity_date,activity_type,channel,activity_status
11,1,2025-06-19,Demo,Email,Completed
12,1,2025-06-25,Email,Phone,Completed
13,1,2025-07-01,Meeting,Video,Completed
14,1,2025-07-07,"Proposal Follow-up",In-person,Completed
21,2,2026-03-01,"Proposal Follow-up",In-person,Completed
22,2,2026-03-03,Call,Email,Completed
23,2,2026-03-09,Demo,Phone,Completed
24,2,2026-03-15,Email,Video,Completed
31,3,2025-07-15,Email,Video,"No Response"
32,3,2025-07-21,Meeting,In-person,Completed
33,3,2025-07-23,"Proposal Follow-up",Email,Completed
41,4,2026-03-23,Call,Phone,Completed
42,4,2026-03-29,Demo,Video,Completed
43,4,2026-04-04,Email,In-person,Completed
44,4,2026-04-06,Meeting,Email,Completed
51,5,2025-08-06,Meeting,Email,Completed
52,5,2025-08-12,"Proposal Follow-up",Phone,Completed
53,5,2025-08-18,Call,Video,Completed
54,5,2025-08-24,Demo,In-person,Completed
61,6,2026-04-18,Demo,In-person,Completed
62,6,2026-04-20,Email,Email,"No Response"
63,6,2026-04-26,Meeting,Phone,Completed
71,7,2025-09-01,"Proposal Follow-up",Video,"No Response"
72,7,2025-09-07,Call,In-person,Completed
73,7,2025-09-09,Demo,Email,Completed
74,7,2025-09-15,Email,Phone,Completed
81,8,2025-01-15,Email,Phone,Completed
82,8,2025-01-21,Meeting,Video,Completed
83,8,2025-01-27,"Proposal Follow-up",In-person,Completed
91,9,2025-09-23,Call,Email,Completed
92,9,2025-09-29,Demo,Phone,Completed
93,9,2025-10-05,Email,Video,"No Response"
94,9,2025-10-11,Meeting,In-person,Completed
101,10,2025-02-10,Meeting,In-person,Completed
102,10,2025-02-12,"Proposal Follow-up",Email,"No Response"
103,10,2025-02-18,Call,Phone,Completed
104,10,2025-02-24,Demo,Video,Completed
105,10,2025-03-02,Email,In-person,Completed
111,11,2025-10-19,Demo,Video,Completed
112,11,2025-10-25,Email,In-person,Completed
113,11,2025-10-27,Meeting,Email,Completed
114,11,2025-11-02,"Proposal Follow-up",Phone,Completed
121,12,2025-03-04,"Proposal Follow-up",Phone,Completed
122,12,2025-03-10,Call,Video,Completed
123,12,2025-03-16,Demo,In-person,Completed
124,12,2025-03-18,Email,Email,"No Response"
131,13,2025-03-15,Email,Email,Completed
132,13,2025-03-21,Meeting,Phone,Completed
133,13,2025-03-27,"Proposal Follow-up",Video,Completed
141,14,2025-11-25,Call,In-person,Completed
142,14,2025-11-27,Demo,Email,Completed
143,14,2025-12-03,Email,Phone,Completed
144,14,2025-12-09,Meeting,Video,Completed
151,15,2025-04-10,Meeting,Video,Completed
152,15,2025-04-16,"Proposal Follow-up",In-person,Completed
153,15,2025-04-18,Call,Email,Completed
154,15,2025-04-24,Demo,Phone,Completed
161,16,2025-12-17,Demo,Phone,"No Response"
162,16,2025-12-23,Email,Video,Completed
171,17,2025-05-02,"Proposal Follow-up",Email,Completed
172,17,2025-05-08,Call,Phone,Completed
181,18,2026-01-12,Email,In-person,Completed
182,18,2026-01-14,Meeting,Email,Completed
183,18,2026-01-20,"Proposal Follow-up",Phone,Completed
184,18,2026-01-26,Call,Video,Completed
191,19,2025-05-28,Call,Video,Completed
192,19,2025-06-03,Demo,In-person,"No Response"
193,19,2025-06-05,Email,Email,Completed
194,19,2025-06-11,Meeting,Phone,Completed
201,20,2026-02-03,Meeting,Phone,"No Response"
202,20,2026-02-09,"Proposal Follow-up",Video,Completed
203,20,2026-02-15,Call,In-person,Completed
211,21,2025-06-19,Demo,Email,Completed
212,21,2025-06-25,Email,Phone,Completed
221,22,2026-03-01,"Proposal Follow-up",In-person,Completed
222,22,2026-03-03,Call,Email,Completed
223,22,2026-03-09,Demo,Phone,"No Response"
224,22,2026-03-15,Email,Video,Completed
231,23,2025-07-15,Email,Video,Completed
232,23,2025-07-21,Meeting,In-person,Completed
233,23,2025-07-23,"Proposal Follow-up",Email,Completed
234,23,2025-07-29,Call,Phone,Completed
241,24,2026-03-23,Call,Phone,Completed
242,24,2026-03-29,Demo,Video,Completed
243,24,2026-04-04,Email,In-person,Completed
251,25,2025-08-06,Meeting,Email,Completed
252,25,2025-08-12,"Proposal Follow-up",Phone,Completed
253,25,2025-08-18,Call,Video,Completed
254,25,2025-08-24,Demo,In-person,"No Response"
261,26,2026-04-18,Demo,In-person,Completed
262,26,2026-04-20,Email,Email,Completed
263,26,2026-04-26,Meeting,Phone,Completed
264,26,2026-05-02,"Proposal Follow-up",Video,Completed
271,27,2026-04-29,"Proposal Follow-up",Video,Completed
272,27,2026-05-05,Call,In-person,Completed
273,27,2026-05-07,Demo,Email,Completed
274,27,2026-05-13,Email,Phone,Completed
275,27,2026-05-19,Meeting,Video,Completed
281,28,2025-09-12,Email,Phone,Completed
282,28,2025-09-18,Meeting,Video,Completed
283,28,2025-09-24,"Proposal Follow-up",In-person,Completed
284,28,2025-09-26,Call,Email,Completed
291,29,2025-01-26,Call,Email,"No Response"
292,29,2025-02-01,Demo,Phone,Completed
293,29,2025-02-07,Email,Video,Completed
294,29,2025-02-13,Meeting,In-person,Completed
301,30,2025-10-08,Meeting,In-person,Completed
302,30,2025-10-10,"Proposal Follow-up",Email,Completed
303,30,2025-10-16,Call,Phone,Completed
311,31,2025-02-21,Demo,Video,Completed
312,31,2025-02-27,Email,In-person,Completed
313,31,2025-03-01,Meeting,Email,Completed
314,31,2025-03-07,"Proposal Follow-up",Phone,Completed
321,32,2025-10-30,"Proposal Follow-up",Phone,Completed
322,32,2025-11-05,Call,Video,"No Response"
323,32,2025-11-11,Demo,In-person,Completed
324,32,2025-11-13,Email,Email,Completed
331,33,2025-03-15,Email,Email,"No Response"
332,33,2025-03-21,Meeting,Phone,Completed
333,33,2025-03-27,"Proposal Follow-up",Video,Completed
334,33,2025-04-02,Call,In-person,Completed
341,34,2025-11-25,Call,In-person,Completed
342,34,2025-11-27,Demo,Email,Completed
343,34,2025-12-03,Email,Phone,Completed
344,34,2025-12-09,Meeting,Video,"No Response"
345,34,2025-12-15,"Proposal Follow-up",In-person,Completed
351,35,2025-04-10,Meeting,Video,Completed
352,35,2025-04-16,"Proposal Follow-up",In-person,Completed
353,35,2025-04-18,Call,Email,"No Response"
354,35,2025-04-24,Demo,Phone,Completed
355,35,2025-04-30,Email,Video,Completed
361,36,2025-12-17,Demo,Phone,Completed
362,36,2025-12-23,Email,Video,Completed
363,36,2025-12-29,Meeting,In-person,Completed
364,36,2025-12-31,"Proposal Follow-up",Email,Completed
365,36,2026-01-06,Call,Phone,Completed
371,37,2025-05-02,"Proposal Follow-up",Email,Completed
372,37,2025-05-08,Call,Phone,Completed
373,37,2025-05-14,Demo,Video,Completed
374,37,2025-05-20,Email,In-person,Completed
381,38,2026-01-12,Email,In-person,Completed
382,38,2026-01-14,Meeting,Email,Completed
383,38,2026-01-20,"Proposal Follow-up",Phone,Completed
384,38,2026-01-26,Call,Video,"No Response"
391,39,2025-05-28,Call,Video,Completed
392,39,2025-06-03,Demo,In-person,Completed
393,39,2025-06-05,Email,Email,Completed
394,39,2025-06-11,Meeting,Phone,Completed
401,40,2026-02-03,Meeting,Phone,Completed
402,40,2026-02-09,"Proposal Follow-up",Video,Completed
403,40,2026-02-15,Call,In-person,Completed
411,41,2026-02-14,Demo,Email,Completed
412,41,2026-02-20,Email,Phone,Completed
413,41,2026-02-26,Meeting,Video,Completed
421,42,2025-07-04,"Proposal Follow-up",In-person,"No Response"
422,42,2025-07-06,Call,Email,Completed
423,42,2025-07-12,Demo,Phone,Completed
424,42,2025-07-18,Email,Video,Completed
425,42,2025-07-24,Meeting,In-person,Completed
431,43,2026-03-12,Email,Video,Completed
432,43,2026-03-18,Meeting,In-person,Completed
441,44,2025-07-26,Call,Phone,Completed
442,44,2025-08-01,Demo,Video,Completed
443,44,2025-08-07,Email,In-person,"No Response"
451,45,2026-04-03,Meeting,Email,Completed
452,45,2026-04-09,"Proposal Follow-up",Phone,"No Response"
453,45,2026-04-15,Call,Video,Completed
454,45,2026-04-21,Demo,In-person,Completed
461,46,2025-08-21,Demo,In-person,Completed
462,46,2025-08-23,Email,Email,Completed
463,46,2025-08-29,Meeting,Phone,Completed
464,46,2025-09-04,"Proposal Follow-up",Video,Completed
465,46,2025-09-10,Call,In-person,Completed
471,47,2026-04-29,"Proposal Follow-up",Video,Completed
472,47,2026-05-05,Call,In-person,Completed
473,47,2026-05-07,Demo,Email,Completed
474,47,2026-05-13,Email,Phone,"No Response"
481,48,2025-09-12,Email,Phone,Completed
482,48,2025-09-18,Meeting,Video,Completed
483,48,2025-09-24,"Proposal Follow-up",In-person,"No Response"
484,48,2025-09-26,Call,Email,Completed
491,49,2025-01-26,Call,Email,Completed
492,49,2025-02-01,Demo,Phone,Completed
493,49,2025-02-07,Email,Video,Completed
494,49,2025-02-13,Meeting,In-person,Completed
495,49,2025-02-15,"Proposal Follow-up",Email,Completed
501,50,2025-10-08,Meeting,In-person,Completed
502,50,2025-10-10,"Proposal Follow-up",Email,Completed
503,50,2025-10-16,Call,Phone,Completed
504,50,2025-10-22,Demo,Video,Completed
511,51,2025-02-21,Demo,Video,Completed
512,51,2025-02-27,Email,In-person,Completed
521,52,2025-10-30,"Proposal Follow-up",Phone,Completed
522,52,2025-11-05,Call,Video,Completed
523,52,2025-11-11,Demo,In-person,Completed
524,52,2025-11-13,Email,Email,Completed
531,53,2025-03-15,Email,Email,Completed
532,53,2025-03-21,Meeting,Phone,Completed
533,53,2025-03-27,"Proposal Follow-up",Video,Completed
534,53,2025-04-02,Call,In-person,Completed
541,54,2025-11-25,Call,In-person,Completed
542,54,2025-11-27,Demo,Email,Completed
543,54,2025-12-03,Email,Phone,Completed
544,54,2025-12-09,Meeting,Video,Completed
551,55,2025-12-06,Meeting,Video,"No Response"
552,55,2025-12-12,"Proposal Follow-up",In-person,Completed
553,55,2025-12-14,Call,Email,Completed
554,55,2025-12-20,Demo,Phone,Completed
555,55,2025-12-26,Email,Video,Completed
561,56,2025-04-21,Demo,Phone,Completed
562,56,2025-04-27,Email,Video,Completed
563,56,2025-05-03,Meeting,In-person,Completed
564,56,2025-05-05,"Proposal Follow-up",Email,Completed
571,57,2025-12-28,"Proposal Follow-up",Email,Completed
572,57,2026-01-03,Call,Phone,Completed
573,57,2026-01-09,Demo,Video,"No Response"
574,57,2026-01-15,Email,In-person,Completed
581,58,2025-05-17,Email,In-person,Completed
582,58,2025-05-19,Meeting,Email,"No Response"
583,58,2025-05-25,"Proposal Follow-up",Phone,Completed
584,58,2025-05-31,Call,Video,Completed
591,59,2026-01-23,Call,Video,Completed
592,59,2026-01-29,Demo,In-person,Completed
593,59,2026-01-31,Email,Email,Completed
601,60,2025-06-08,Meeting,Phone,Completed
602,60,2025-06-14,"Proposal Follow-up",Video,Completed
603,60,2025-06-20,Call,In-person,Completed
604,60,2025-06-22,Demo,Email,"No Response"
605,60,2025-06-28,Email,Phone,Completed
611,61,2026-02-14,Demo,Email,Completed
612,61,2026-02-20,Email,Phone,Completed
613,61,2026-02-26,Meeting,Video,"No Response"
614,61,2026-03-04,"Proposal Follow-up",In-person,Completed
621,62,2025-07-04,"Proposal Follow-up",In-person,Completed
622,62,2025-07-06,Call,Email,Completed
623,62,2025-07-12,Demo,Phone,Completed
631,63,2026-03-12,Email,Video,Completed
632,63,2026-03-18,Meeting,In-person,Completed
633,63,2026-03-20,"Proposal Follow-up",Email,Completed
634,63,2026-03-26,Call,Phone,Completed
641,64,2025-07-26,Call,Phone,Completed
642,64,2025-08-01,Demo,Video,Completed
651,65,2026-04-03,Meeting,Email,Completed
652,65,2026-04-09,"Proposal Follow-up",Phone,Completed
661,66,2025-08-21,Demo,In-person,Completed
662,66,2025-08-23,Email,Email,Completed
663,66,2025-08-29,Meeting,Phone,Completed
664,66,2025-09-04,"Proposal Follow-up",Video,Completed
665,66,2025-09-10,Call,In-person,Completed
671,67,2026-04-29,"Proposal Follow-up",Video,Completed
672,67,2026-05-05,Call,In-person,"No Response"
673,67,2026-05-07,Demo,Email,Completed
681,68,2025-09-12,Email,Phone,"No Response"
682,68,2025-09-18,Meeting,Video,Completed
691,69,2025-09-23,Call,Email,Completed
692,69,2025-09-29,Demo,Phone,Completed
693,69,2025-10-05,Email,Video,Completed
694,69,2025-10-11,Meeting,In-person,Completed
695,69,2025-10-13,"Proposal Follow-up",Email,Completed
701,70,2025-02-10,Meeting,In-person,Completed
702,70,2025-02-12,"Proposal Follow-up",Email,Completed
703,70,2025-02-18,Call,Phone,"No Response"
704,70,2025-02-24,Demo,Video,Completed
705,70,2025-03-02,Email,In-person,Completed
711,71,2025-10-19,Demo,Video,Completed
712,71,2025-10-25,Email,In-person,"No Response"
721,72,2025-03-04,"Proposal Follow-up",Phone,Completed
722,72,2025-03-10,Call,Video,Completed
723,72,2025-03-16,Demo,In-person,Completed
731,73,2025-11-10,Email,Email,Completed
732,73,2025-11-16,Meeting,Phone,Completed
733,73,2025-11-22,"Proposal Follow-up",Video,Completed
741,74,2025-03-30,Call,In-person,Completed
742,74,2025-04-01,Demo,Email,Completed
743,74,2025-04-07,Email,Phone,"No Response"
751,75,2025-12-06,Meeting,Video,Completed
752,75,2025-12-12,"Proposal Follow-up",In-person,Completed
753,75,2025-12-14,Call,Email,Completed
754,75,2025-12-20,Demo,Phone,Completed
755,75,2025-12-26,Email,Video,Completed
761,76,2025-04-21,Demo,Phone,Completed
762,76,2025-04-27,Email,Video,Completed
763,76,2025-05-03,Meeting,In-person,Completed
764,76,2025-05-05,"Proposal Follow-up",Email,Completed
771,77,2025-12-28,"Proposal Follow-up",Email,Completed
772,77,2026-01-03,Call,Phone,Completed
773,77,2026-01-09,Demo,Video,Completed
774,77,2026-01-15,Email,In-person,Completed
781,78,2025-05-17,Email,In-person,Completed
782,78,2025-05-19,Meeting,Email,Completed
783,78,2025-05-25,"Proposal Follow-up",Phone,Completed
784,78,2025-05-31,Call,Video,Completed
791,79,2026-01-23,Call,Video,Completed
792,79,2026-01-29,Demo,In-person,Completed
793,79,2026-01-31,Email,Email,Completed
794,79,2026-02-06,Meeting,Phone,Completed
795,79,2026-02-12,"Proposal Follow-up",Video,Completed
801,80,2025-06-08,Meeting,Phone,Completed
802,80,2025-06-14,"Proposal Follow-up",Video,"No Response"
803,80,2025-06-20,Call,In-person,Completed
804,80,2025-06-22,Demo,Email,Completed
811,81,2026-02-14,Demo,Email,"No Response"
812,81,2026-02-20,Email,Phone,Completed
813,81,2026-02-26,Meeting,Video,Completed
821,82,2025-07-04,"Proposal Follow-up",In-person,Completed
822,82,2025-07-06,Call,Email,Completed
823,82,2025-07-12,Demo,Phone,Completed
824,82,2025-07-18,Email,Video,Completed
831,83,2025-07-15,Email,Video,Completed
832,83,2025-07-21,Meeting,In-person,Completed
833,83,2025-07-23,"Proposal Follow-up",Email,"No Response"
834,83,2025-07-29,Call,Phone,Completed
841,84,2026-03-23,Call,Phone,Completed
842,84,2026-03-29,Demo,Video,"No Response"
843,84,2026-04-04,Email,In-person,Completed
844,84,2026-04-06,Meeting,Email,Completed
851,85,2025-08-06,Meeting,Email,Completed
852,85,2025-08-12,"Proposal Follow-up",Phone,Completed
853,85,2025-08-18,Call,Video,Completed
854,85,2025-08-24,Demo,In-person,Completed
855,85,2025-08-26,Email,Email,Completed
861,86,2026-04-18,Demo,In-person,Completed
862,86,2026-04-20,Email,Email,Completed
863,86,2026-04-26,Meeting,Phone,Completed
864,86,2026-05-02,"Proposal Follow-up",Video,"No Response"
871,87,2025-09-01,"Proposal Follow-up",Video,Completed
872,87,2025-09-07,Call,In-person,Completed
873,87,2025-09-09,Demo,Email,"No Response"
874,87,2025-09-15,Email,Phone,Completed
881,88,2025-01-15,Email,Phone,Completed
882,88,2025-01-21,Meeting,Video,Completed
883,88,2025-01-27,"Proposal Follow-up",In-person,Completed
884,88,2025-01-29,Call,Email,Completed
891,89,2025-09-23,Call,Email,Completed
892,89,2025-09-29,Demo,Phone,Completed
893,89,2025-10-05,Email,Video,Completed
894,89,2025-10-11,Meeting,In-person,Completed
901,90,2025-02-10,Meeting,In-person,"No Response"
902,90,2025-02-12,"Proposal Follow-up",Email,Completed
903,90,2025-02-18,Call,Phone,Completed
904,90,2025-02-24,Demo,Video,Completed
905,90,2025-03-02,Email,In-person,Completed
911,91,2025-10-19,Demo,Video,Completed
912,91,2025-10-25,Email,In-person,Completed
913,91,2025-10-27,Meeting,Email,Completed
914,91,2025-11-02,"Proposal Follow-up",Phone,Completed
915,91,2025-11-08,Call,Video,Completed
921,92,2025-03-04,"Proposal Follow-up",Phone,Completed
922,92,2025-03-10,Call,Video,Completed
923,92,2025-03-16,Demo,In-person,Completed
924,92,2025-03-18,Email,Email,Completed
925,92,2025-03-24,Meeting,Phone,Completed
931,93,2025-11-10,Email,Email,Completed
932,93,2025-11-16,Meeting,Phone,"No Response"
933,93,2025-11-22,"Proposal Follow-up",Video,Completed
934,93,2025-11-28,Call,In-person,Completed
941,94,2025-03-30,Call,In-person,"No Response"
942,94,2025-04-01,Demo,Email,Completed
943,94,2025-04-07,Email,Phone,Completed
944,94,2025-04-13,Meeting,Video,Completed
951,95,2025-12-06,Meeting,Video,Completed
952,95,2025-12-12,"Proposal Follow-up",In-person,Completed
953,95,2025-12-14,Call,Email,Completed
954,95,2025-12-20,Demo,Phone,Completed
961,96,2025-04-21,Demo,Phone,Completed
962,96,2025-04-27,Email,Video,Completed
963,96,2025-05-03,Meeting,In-person,"No Response"
971,97,2025-12-28,"Proposal Follow-up",Email,Completed
972,97,2026-01-03,Call,Phone,"No Response"
973,97,2026-01-09,Demo,Video,Completed
974,97,2026-01-15,Email,In-person,Completed
981,98,2026-01-12,Email,In-person,Completed
982,98,2026-01-14,Meeting,Email,Completed
983,98,2026-01-20,"Proposal Follow-up",Phone,Completed
984,98,2026-01-26,Call,Video,Completed
991,99,2025-05-28,Call,Video,Completed
992,99,2025-06-03,Demo,In-person,Completed
993,99,2025-06-05,Email,Email,Completed
994,99,2025-06-11,Meeting,Phone,"No Response"
1001,100,2026-02-03,Meeting,Phone,Completed
1002,100,2026-02-09,"Proposal Follow-up",Video,Completed
1003,100,2026-02-15,Call,In-person,Completed
1004,100,2026-02-17,Demo,Email,Completed
1011,101,2025-06-19,Demo,Email,Completed
1012,101,2025-06-25,Email,Phone,Completed
1013,101,2025-07-01,Meeting,Video,Completed
1014,101,2025-07-07,"Proposal Follow-up",In-person,Completed
1021,102,2026-03-01,"Proposal Follow-up",In-person,Completed
1022,102,2026-03-03,Call,Email,Completed
1023,102,2026-03-09,Demo,Phone,Completed
1024,102,2026-03-15,Email,Video,Completed
1031,103,2025-07-15,Email,Video,"No Response"
1032,103,2025-07-21,Meeting,In-person,Completed
1033,103,2025-07-23,"Proposal Follow-up",Email,Completed
1034,103,2025-07-29,Call,Phone,Completed
1035,103,2025-08-04,Demo,Video,Completed
1041,104,2026-03-23,Call,Phone,Completed
1042,104,2026-03-29,Demo,Video,Completed
1043,104,2026-04-04,Email,In-person,Completed
1044,104,2026-04-06,Meeting,Email,Completed
1051,105,2025-08-06,Meeting,Email,Completed
1052,105,2025-08-12,"Proposal Follow-up",Phone,Completed
1053,105,2025-08-18,Call,Video,Completed
1054,105,2025-08-24,Demo,In-person,Completed
1061,106,2026-04-18,Demo,In-person,Completed
1062,106,2026-04-20,Email,Email,"No Response"
1063,106,2026-04-26,Meeting,Phone,Completed
1064,106,2026-05-02,"Proposal Follow-up",Video,Completed
1071,107,2025-09-01,"Proposal Follow-up",Video,"No Response"
1072,107,2025-09-07,Call,In-person,Completed
1073,107,2025-09-09,Demo,Email,Completed
1074,107,2025-09-15,Email,Phone,Completed
1075,107,2025-09-21,Meeting,Video,Completed
1081,108,2025-01-15,Email,Phone,Completed
1082,108,2025-01-21,Meeting,Video,Completed
1083,108,2025-01-27,"Proposal Follow-up",In-person,Completed
1084,108,2025-01-29,Call,Email,Completed
1085,108,2025-02-04,Demo,Phone,Completed
1091,109,2025-09-23,Call,Email,Completed
1092,109,2025-09-29,Demo,Phone,Completed
1093,109,2025-10-05,Email,Video,"No Response"
1101,110,2025-02-10,Meeting,In-person,Completed
1102,110,2025-02-12,"Proposal Follow-up",Email,"No Response"
1103,110,2025-02-18,Call,Phone,Completed
1104,110,2025-02-24,Demo,Video,Completed
1105,110,2025-03-02,Email,In-person,Completed
1111,111,2025-10-19,Demo,Video,Completed
1112,111,2025-10-25,Email,In-person,Completed
1113,111,2025-10-27,Meeting,Email,Completed
1114,111,2025-11-02,"Proposal Follow-up",Phone,Completed
1115,111,2025-11-08,Call,Video,"No Response"
1121,112,2025-10-30,"Proposal Follow-up",Phone,Completed
1122,112,2025-11-05,Call,Video,Completed
1123,112,2025-11-11,Demo,In-person,Completed
1131,113,2025-03-15,Email,Email,Completed
1132,113,2025-03-21,Meeting,Phone,Completed
1133,113,2025-03-27,"Proposal Follow-up",Video,Completed
1134,113,2025-04-02,Call,In-person,Completed
1135,113,2025-04-04,Demo,Email,Completed
1141,114,2025-11-25,Call,In-person,Completed
1142,114,2025-11-27,Demo,Email,Completed
1143,114,2025-12-03,Email,Phone,Completed
1144,114,2025-12-09,Meeting,Video,Completed
1151,115,2025-04-10,Meeting,Video,Completed
1152,115,2025-04-16,"Proposal Follow-up",In-person,Completed
1161,116,2025-12-17,Demo,Phone,"No Response"
1162,116,2025-12-23,Email,Video,Completed
1163,116,2025-12-29,Meeting,In-person,Completed
1164,116,2025-12-31,"Proposal Follow-up",Email,Completed
1165,116,2026-01-06,Call,Phone,Completed
1171,117,2025-05-02,"Proposal Follow-up",Email,Completed
1172,117,2025-05-08,Call,Phone,Completed
1173,117,2025-05-14,Demo,Video,Completed
1174,117,2025-05-20,Email,In-person,Completed
1181,118,2026-01-12,Email,In-person,Completed
1182,118,2026-01-14,Meeting,Email,Completed
1183,118,2026-01-20,"Proposal Follow-up",Phone,Completed
1191,119,2025-05-28,Call,Video,Completed
1192,119,2025-06-03,Demo,In-person,"No Response"
1193,119,2025-06-05,Email,Email,Completed
1194,119,2025-06-11,Meeting,Phone,Completed
1201,120,2026-02-03,Meeting,Phone,"No Response"
1202,120,2026-02-09,"Proposal Follow-up",Video,Completed
1211,121,2025-06-19,Demo,Email,Completed
1212,121,2025-06-25,Email,Phone,Completed
1213,121,2025-07-01,Meeting,Video,Completed
1214,121,2025-07-07,"Proposal Follow-up",In-person,"No Response"
1221,122,2026-03-01,"Proposal Follow-up",In-person,Completed
1222,122,2026-03-03,Call,Email,Completed
1223,122,2026-03-09,Demo,Phone,"No Response"
1224,122,2026-03-15,Email,Video,Completed
1225,122,2026-03-21,Meeting,In-person,Completed
1231,123,2025-07-15,Email,Video,Completed
1232,123,2025-07-21,Meeting,In-person,Completed
1233,123,2025-07-23,"Proposal Follow-up",Email,Completed
1241,124,2026-03-23,Call,Phone,Completed
1242,124,2026-03-29,Demo,Video,Completed
1243,124,2026-04-04,Email,In-person,Completed
1244,124,2026-04-06,Meeting,Email,Completed
1251,125,2025-08-06,Meeting,Email,Completed
1252,125,2025-08-12,"Proposal Follow-up",Phone,Completed
1253,125,2025-08-18,Call,Video,Completed
1254,125,2025-08-24,Demo,In-person,"No Response"
1261,126,2025-08-21,Demo,In-person,Completed
1262,126,2025-08-23,Email,Email,Completed
1263,126,2025-08-29,Meeting,Phone,Completed
1264,126,2025-09-04,"Proposal Follow-up",Video,Completed
1265,126,2025-09-10,Call,In-person,Completed
1271,127,2026-04-29,"Proposal Follow-up",Video,Completed
1272,127,2026-05-05,Call,In-person,Completed
1273,127,2026-05-07,Demo,Email,Completed
1274,127,2026-05-13,Email,Phone,Completed
1275,127,2026-05-19,Meeting,Video,Completed
1281,128,2025-09-12,Email,Phone,Completed
1282,128,2025-09-18,Meeting,Video,Completed
1283,128,2025-09-24,"Proposal Follow-up",In-person,Completed
1284,128,2025-09-26,Call,Email,Completed
1285,128,2025-10-02,Demo,Phone,"No Response"
1291,129,2025-01-26,Call,Email,"No Response"
1292,129,2025-02-01,Demo,Phone,Completed
1293,129,2025-02-07,Email,Video,Completed
1294,129,2025-02-13,Meeting,In-person,Completed
1295,129,2025-02-15,"Proposal Follow-up",Email,Completed
1301,130,2025-10-08,Meeting,In-person,Completed
1302,130,2025-10-10,"Proposal Follow-up",Email,Completed
1303,130,2025-10-16,Call,Phone,Completed
1304,130,2025-10-22,Demo,Video,Completed
1305,130,2025-10-28,Email,In-person,Completed
1311,131,2025-02-21,Demo,Video,Completed
1312,131,2025-02-27,Email,In-person,Completed
1313,131,2025-03-01,Meeting,Email,Completed
1314,131,2025-03-07,"Proposal Follow-up",Phone,Completed
1321,132,2025-10-30,"Proposal Follow-up",Phone,Completed
1322,132,2025-11-05,Call,Video,"No Response"
1323,132,2025-11-11,Demo,In-person,Completed
1324,132,2025-11-13,Email,Email,Completed
1331,133,2025-03-15,Email,Email,"No Response"
1332,133,2025-03-21,Meeting,Phone,Completed
1333,133,2025-03-27,"Proposal Follow-up",Video,Completed
1341,134,2025-11-25,Call,In-person,Completed
1342,134,2025-11-27,Demo,Email,Completed
1343,134,2025-12-03,Email,Phone,Completed
1344,134,2025-12-09,Meeting,Video,"No Response"
1345,134,2025-12-15,"Proposal Follow-up",In-person,Completed
1351,135,2025-04-10,Meeting,Video,Completed
1352,135,2025-04-16,"Proposal Follow-up",In-person,Completed
1353,135,2025-04-18,Call,Email,"No Response"
1354,135,2025-04-24,Demo,Phone,Completed
1361,136,2025-12-17,Demo,Phone,Completed
1362,136,2025-12-23,Email,Video,Completed
1363,136,2025-12-29,Meeting,In-person,Completed
1371,137,2025-05-02,"Proposal Follow-up",Email,Completed
1372,137,2025-05-08,Call,Phone,Completed
1373,137,2025-05-14,Demo,Video,Completed
1374,137,2025-05-20,Email,In-person,Completed
1381,138,2026-01-12,Email,In-person,Completed
1382,138,2026-01-14,Meeting,Email,Completed
1383,138,2026-01-20,"Proposal Follow-up",Phone,Completed
1384,138,2026-01-26,Call,Video,"No Response"
1385,138,2026-02-01,Demo,In-person,Completed
1391,139,2025-05-28,Call,Video,Completed
1392,139,2025-06-03,Demo,In-person,Completed
1401,140,2025-06-08,Meeting,Phone,Completed
1402,140,2025-06-14,"Proposal Follow-up",Video,Completed
1411,141,2026-02-14,Demo,Email,Completed
1412,141,2026-02-20,Email,Phone,Completed
1413,141,2026-02-26,Meeting,Video,Completed
1414,141,2026-03-04,"Proposal Follow-up",In-person,Completed
1421,142,2025-07-04,"Proposal Follow-up",In-person,"No Response"
1422,142,2025-07-06,Call,Email,Completed
1423,142,2025-07-12,Demo,Phone,Completed
1424,142,2025-07-18,Email,Video,Completed
1431,143,2026-03-12,Email,Video,Completed
1432,143,2026-03-18,Meeting,In-person,Completed
1433,143,2026-03-20,"Proposal Follow-up",Email,Completed
1434,143,2026-03-26,Call,Phone,Completed
1435,143,2026-04-01,Demo,Video,Completed
1441,144,2025-07-26,Call,Phone,Completed
1442,144,2025-08-01,Demo,Video,Completed
1443,144,2025-08-07,Email,In-person,"No Response"
1444,144,2025-08-09,Meeting,Email,Completed
1445,144,2025-08-15,"Proposal Follow-up",Phone,Completed
1451,145,2026-04-03,Meeting,Email,Completed
1452,145,2026-04-09,"Proposal Follow-up",Phone,"No Response"
1453,145,2026-04-15,Call,Video,Completed
1454,145,2026-04-21,Demo,In-person,Completed
1455,145,2026-04-23,Email,Email,Completed
1461,146,2025-08-21,Demo,In-person,Completed
1462,146,2025-08-23,Email,Email,Completed
1463,146,2025-08-29,Meeting,Phone,Completed
1471,147,2026-04-29,"Proposal Follow-up",Video,Completed
1472,147,2026-05-05,Call,In-person,Completed
1473,147,2026-05-07,Demo,Email,Completed
1474,147,2026-05-13,Email,Phone,"No Response"
1475,147,2026-05-19,Meeting,Video,Completed
1481,148,2025-09-12,Email,Phone,Completed
1482,148,2025-09-18,Meeting,Video,Completed
1483,148,2025-09-24,"Proposal Follow-up",In-person,"No Response"
1484,148,2025-09-26,Call,Email,Completed
1485,148,2025-10-02,Demo,Phone,Completed
1491,149,2025-01-26,Call,Email,Completed
1492,149,2025-02-01,Demo,Phone,Completed
1493,149,2025-02-07,Email,Video,Completed
1494,149,2025-02-13,Meeting,In-person,Completed
1495,149,2025-02-15,"Proposal Follow-up",Email,Completed
1501,150,2025-10-08,Meeting,In-person,Completed
1502,150,2025-10-10,"Proposal Follow-up",Email,Completed
1503,150,2025-10-16,Call,Phone,Completed
1504,150,2025-10-22,Demo,Video,Completed
1511,151,2025-02-21,Demo,Video,Completed
1512,151,2025-02-27,Email,In-person,Completed
1513,151,2025-03-01,Meeting,Email,Completed
1514,151,2025-03-07,"Proposal Follow-up",Phone,"No Response"
1521,152,2025-10-30,"Proposal Follow-up",Phone,Completed
1522,152,2025-11-05,Call,Video,Completed
1523,152,2025-11-11,Demo,In-person,Completed
1531,153,2025-03-15,Email,Email,Completed
1532,153,2025-03-21,Meeting,Phone,Completed
1533,153,2025-03-27,"Proposal Follow-up",Video,Completed
1534,153,2025-04-02,Call,In-person,Completed
1541,154,2025-03-30,Call,In-person,Completed
1542,154,2025-04-01,Demo,Email,Completed
1543,154,2025-04-07,Email,Phone,Completed
1544,154,2025-04-13,Meeting,Video,Completed
1551,155,2025-12-06,Meeting,Video,"No Response"
1552,155,2025-12-12,"Proposal Follow-up",In-person,Completed
1553,155,2025-12-14,Call,Email,Completed
1561,156,2025-04-21,Demo,Phone,Completed
1562,156,2025-04-27,Email,Video,Completed
1563,156,2025-05-03,Meeting,In-person,Completed
1564,156,2025-05-05,"Proposal Follow-up",Email,Completed
1571,157,2025-12-28,"Proposal Follow-up",Email,Completed
1572,157,2026-01-03,Call,Phone,Completed
1573,157,2026-01-09,Demo,Video,"No Response"
1581,158,2025-05-17,Email,In-person,Completed
1582,158,2025-05-19,Meeting,Email,"No Response"
1583,158,2025-05-25,"Proposal Follow-up",Phone,Completed
1584,158,2025-05-31,Call,Video,Completed
1591,159,2026-01-23,Call,Video,Completed
1592,159,2026-01-29,Demo,In-person,Completed
1593,159,2026-01-31,Email,Email,Completed
1594,159,2026-02-06,Meeting,Phone,Completed
1595,159,2026-02-12,"Proposal Follow-up",Video,Completed
1601,160,2025-06-08,Meeting,Phone,Completed
1602,160,2025-06-14,"Proposal Follow-up",Video,Completed
1611,161,2026-02-14,Demo,Email,Completed
1612,161,2026-02-20,Email,Phone,Completed
1621,162,2025-07-04,"Proposal Follow-up",In-person,Completed
1622,162,2025-07-06,Call,Email,Completed
1631,163,2026-03-12,Email,Video,Completed
1632,163,2026-03-18,Meeting,In-person,Completed
1633,163,2026-03-20,"Proposal Follow-up",Email,Completed
1634,163,2026-03-26,Call,Phone,Completed
1641,164,2025-07-26,Call,Phone,Completed
1642,164,2025-08-01,Demo,Video,Completed
1643,164,2025-08-07,Email,In-person,Completed
1644,164,2025-08-09,Meeting,Email,"No Response"
1651,165,2026-04-03,Meeting,Email,Completed
1652,165,2026-04-09,"Proposal Follow-up",Phone,Completed
1653,165,2026-04-15,Call,Video,Completed
1654,165,2026-04-21,Demo,In-person,Completed
1661,166,2025-08-21,Demo,In-person,Completed
1662,166,2025-08-23,Email,Email,Completed
1663,166,2025-08-29,Meeting,Phone,Completed
1664,166,2025-09-04,"Proposal Follow-up",Video,Completed
1671,167,2026-04-29,"Proposal Follow-up",Video,Completed
1672,167,2026-05-05,Call,In-person,"No Response"
1673,167,2026-05-07,Demo,Email,Completed
1674,167,2026-05-13,Email,Phone,Completed
1681,168,2025-01-15,Email,Phone,"No Response"
1682,168,2025-01-21,Meeting,Video,Completed
1691,169,2025-09-23,Call,Email,Completed
1692,169,2025-09-29,Demo,Phone,Completed
1693,169,2025-10-05,Email,Video,Completed
1694,169,2025-10-11,Meeting,In-person,Completed
1701,170,2025-02-10,Meeting,In-person,Completed
1702,170,2025-02-12,"Proposal Follow-up",Email,Completed
1703,170,2025-02-18,Call,Phone,"No Response"
1711,171,2025-10-19,Demo,Video,Completed
1712,171,2025-10-25,Email,In-person,"No Response"
1713,171,2025-10-27,Meeting,Email,Completed
1714,171,2025-11-02,"Proposal Follow-up",Phone,Completed
1721,172,2025-03-04,"Proposal Follow-up",Phone,Completed
1722,172,2025-03-10,Call,Video,Completed
1723,172,2025-03-16,Demo,In-person,Completed
1724,172,2025-03-18,Email,Email,Completed
1731,173,2025-11-10,Email,Email,Completed
1732,173,2025-11-16,Meeting,Phone,Completed
1733,173,2025-11-22,"Proposal Follow-up",Video,Completed
1734,173,2025-11-28,Call,In-person,"No Response"
1735,173,2025-11-30,Demo,Email,Completed
1741,174,2025-03-30,Call,In-person,Completed
1742,174,2025-04-01,Demo,Email,Completed
1743,174,2025-04-07,Email,Phone,"No Response"
1744,174,2025-04-13,Meeting,Video,Completed
1751,175,2025-12-06,Meeting,Video,Completed
1752,175,2025-12-12,"Proposal Follow-up",In-person,Completed
1753,175,2025-12-14,Call,Email,Completed
1754,175,2025-12-20,Demo,Phone,Completed
1755,175,2025-12-26,Email,Video,Completed
1761,176,2025-04-21,Demo,Phone,Completed
1762,176,2025-04-27,Email,Video,Completed
1763,176,2025-05-03,Meeting,In-person,Completed
1764,176,2025-05-05,"Proposal Follow-up",Email,Completed
1771,177,2025-12-28,"Proposal Follow-up",Email,Completed
1772,177,2026-01-03,Call,Phone,Completed
1773,177,2026-01-09,Demo,Video,Completed
1774,177,2026-01-15,Email,In-person,Completed
1781,178,2025-05-17,Email,In-person,Completed
1782,178,2025-05-19,Meeting,Email,Completed
1783,178,2025-05-25,"Proposal Follow-up",Phone,Completed
1784,178,2025-05-31,Call,Video,Completed
1785,178,2025-06-06,Demo,In-person,Completed
1791,179,2026-01-23,Call,Video,Completed
1792,179,2026-01-29,Demo,In-person,Completed
1793,179,2026-01-31,Email,Email,Completed
1801,180,2025-06-08,Meeting,Phone,Completed
1802,180,2025-06-14,"Proposal Follow-up",Video,"No Response"
1803,180,2025-06-20,Call,In-person,Completed
1804,180,2025-06-22,Demo,Email,Completed
1811,181,2026-02-14,Demo,Email,"No Response"
1812,181,2026-02-20,Email,Phone,Completed
1813,181,2026-02-26,Meeting,Video,Completed
1814,181,2026-03-04,"Proposal Follow-up",In-person,Completed
1821,182,2026-03-01,"Proposal Follow-up",In-person,Completed
1822,182,2026-03-03,Call,Email,Completed
1823,182,2026-03-09,Demo,Phone,Completed
1824,182,2026-03-15,Email,Video,Completed
1825,182,2026-03-21,Meeting,In-person,Completed
1831,183,2025-07-15,Email,Video,Completed
1832,183,2025-07-21,Meeting,In-person,Completed
1833,183,2025-07-23,"Proposal Follow-up",Email,"No Response"
1834,183,2025-07-29,Call,Phone,Completed
1835,183,2025-08-04,Demo,Video,Completed
1841,184,2026-03-23,Call,Phone,Completed
1842,184,2026-03-29,Demo,Video,"No Response"
1843,184,2026-04-04,Email,In-person,Completed
1844,184,2026-04-06,Meeting,Email,Completed
1845,184,2026-04-12,"Proposal Follow-up",Phone,Completed
1851,185,2025-08-06,Meeting,Email,Completed
1852,185,2025-08-12,"Proposal Follow-up",Phone,Completed
1853,185,2025-08-18,Call,Video,Completed
1854,185,2025-08-24,Demo,In-person,Completed
1855,185,2025-08-26,Email,Email,Completed
1861,186,2026-04-18,Demo,In-person,Completed
1862,186,2026-04-20,Email,Email,Completed
1863,186,2026-04-26,Meeting,Phone,Completed
1864,186,2026-05-02,"Proposal Follow-up",Video,"No Response"
1871,187,2025-09-01,"Proposal Follow-up",Video,Completed
1872,187,2025-09-07,Call,In-person,Completed
1873,187,2025-09-09,Demo,Email,"No Response"
1874,187,2025-09-15,Email,Phone,Completed
1881,188,2025-01-15,Email,Phone,Completed
1882,188,2025-01-21,Meeting,Video,Completed
1891,189,2025-09-23,Call,Email,Completed
1892,189,2025-09-29,Demo,Phone,Completed
1893,189,2025-10-05,Email,Video,Completed
1894,189,2025-10-11,Meeting,In-person,Completed
1895,189,2025-10-13,"Proposal Follow-up",Email,"No Response"
1901,190,2025-02-10,Meeting,In-person,"No Response"
1902,190,2025-02-12,"Proposal Follow-up",Email,Completed
1911,191,2025-10-19,Demo,Video,Completed
1912,191,2025-10-25,Email,In-person,Completed
1913,191,2025-10-27,Meeting,Email,Completed
1921,192,2025-03-04,"Proposal Follow-up",Phone,Completed
1922,192,2025-03-10,Call,Video,Completed
1923,192,2025-03-16,Demo,In-person,Completed
1924,192,2025-03-18,Email,Email,Completed
1931,193,2025-11-10,Email,Email,Completed
1932,193,2025-11-16,Meeting,Phone,"No Response"
1933,193,2025-11-22,"Proposal Follow-up",Video,Completed
1941,194,2025-03-30,Call,In-person,"No Response"
1942,194,2025-04-01,Demo,Email,Completed
1943,194,2025-04-07,Email,Phone,Completed
1944,194,2025-04-13,Meeting,Video,Completed
1951,195,2025-12-06,Meeting,Video,Completed
1952,195,2025-12-12,"Proposal Follow-up",In-person,Completed
1953,195,2025-12-14,Call,Email,Completed
1954,195,2025-12-20,Demo,Phone,Completed
1955,195,2025-12-26,Email,Video,Completed
1961,196,2025-12-17,Demo,Phone,Completed
1962,196,2025-12-23,Email,Video,Completed
1963,196,2025-12-29,Meeting,In-person,"No Response"
1964,196,2025-12-31,"Proposal Follow-up",Email,Completed
1971,197,2025-05-02,"Proposal Follow-up",Email,Completed
1972,197,2025-05-08,Call,Phone,"No Response"
1973,197,2025-05-14,Demo,Video,Completed
1974,197,2025-05-20,Email,In-person,Completed
1975,197,2025-05-22,Meeting,Email,Completed
1981,198,2026-01-12,Email,In-person,Completed
1982,198,2026-01-14,Meeting,Email,Completed
1983,198,2026-01-20,"Proposal Follow-up",Phone,Completed
1991,199,2025-05-28,Call,Video,Completed
1992,199,2025-06-03,Demo,In-person,Completed
1993,199,2025-06-05,Email,Email,Completed
1994,199,2025-06-11,Meeting,Phone,"No Response"
2001,200,2026-02-03,Meeting,Phone,Completed
2002,200,2026-02-09,"Proposal Follow-up",Video,Completed
2003,200,2026-02-15,Call,In-person,Completed
2004,200,2026-02-17,Demo,Email,Completed
2011,201,2025-06-19,Demo,Email,Completed
2012,201,2025-06-25,Email,Phone,Completed
2021,202,2026-03-01,"Proposal Follow-up",In-person,Completed
2022,202,2026-03-03,Call,Email,Completed
2023,202,2026-03-09,Demo,Phone,Completed
2024,202,2026-03-15,Email,Video,Completed
2031,203,2025-07-15,Email,Video,"No Response"
2032,203,2025-07-21,Meeting,In-person,Completed
2033,203,2025-07-23,"Proposal Follow-up",Email,Completed
2034,203,2025-07-29,Call,Phone,Completed
2041,204,2026-03-23,Call,Phone,Completed
2042,204,2026-03-29,Demo,Video,Completed
2043,204,2026-04-04,Email,In-person,Completed
2044,204,2026-04-06,Meeting,Email,Completed
2051,205,2025-08-06,Meeting,Email,Completed
2052,205,2025-08-12,"Proposal Follow-up",Phone,Completed
2061,206,2026-04-18,Demo,In-person,Completed
2062,206,2026-04-20,Email,Email,"No Response"
2063,206,2026-04-26,Meeting,Phone,Completed
2064,206,2026-05-02,"Proposal Follow-up",Video,Completed
2065,206,2026-05-08,Call,In-person,Completed
2071,207,2025-09-01,"Proposal Follow-up",Video,"No Response"
2072,207,2025-09-07,Call,In-person,Completed
2073,207,2025-09-09,Demo,Email,Completed
2074,207,2025-09-15,Email,Phone,Completed
2081,208,2025-01-15,Email,Phone,Completed
2082,208,2025-01-21,Meeting,Video,Completed
2083,208,2025-01-27,"Proposal Follow-up",In-person,Completed
2084,208,2025-01-29,Call,Email,Completed
2091,209,2025-09-23,Call,Email,Completed
2092,209,2025-09-29,Demo,Phone,Completed
2093,209,2025-10-05,Email,Video,"No Response"
2094,209,2025-10-11,Meeting,In-person,Completed
2095,209,2025-10-13,"Proposal Follow-up",Email,Completed
2101,210,2025-02-10,Meeting,In-person,Completed
2102,210,2025-02-12,"Proposal Follow-up",Email,"No Response"
2103,210,2025-02-18,Call,Phone,Completed
2104,210,2025-02-24,Demo,Video,Completed
2111,211,2025-02-21,Demo,Video,Completed
2112,211,2025-02-27,Email,In-person,Completed
2121,212,2025-10-30,"Proposal Follow-up",Phone,Completed
2122,212,2025-11-05,Call,Video,Completed
2123,212,2025-11-11,Demo,In-person,Completed
2124,212,2025-11-13,Email,Email,"No Response"
2131,213,2025-03-15,Email,Email,Completed
2132,213,2025-03-21,Meeting,Phone,Completed
2141,214,2025-11-25,Call,In-person,Completed
2142,214,2025-11-27,Demo,Email,Completed
2143,214,2025-12-03,Email,Phone,Completed
2144,214,2025-12-09,Meeting,Video,Completed
2151,215,2025-04-10,Meeting,Video,Completed
2152,215,2025-04-16,"Proposal Follow-up",In-person,Completed
2153,215,2025-04-18,Call,Email,Completed
2154,215,2025-04-24,Demo,Phone,Completed
2161,216,2025-12-17,Demo,Phone,"No Response"
2162,216,2025-12-23,Email,Video,Completed
2163,216,2025-12-29,Meeting,In-person,Completed
2164,216,2025-12-31,"Proposal Follow-up",Email,Completed
2165,216,2026-01-06,Call,Phone,Completed
2171,217,2025-05-02,"Proposal Follow-up",Email,Completed
2172,217,2025-05-08,Call,Phone,Completed
2173,217,2025-05-14,Demo,Video,Completed
2181,218,2026-01-12,Email,In-person,Completed
2182,218,2026-01-14,Meeting,Email,Completed
2183,218,2026-01-20,"Proposal Follow-up",Phone,Completed
2184,218,2026-01-26,Call,Video,Completed
2191,219,2025-05-28,Call,Video,Completed
2192,219,2025-06-03,Demo,In-person,"No Response"
2193,219,2025-06-05,Email,Email,Completed
2194,219,2025-06-11,Meeting,Phone,Completed
2201,220,2026-02-03,Meeting,Phone,"No Response"
2202,220,2026-02-09,"Proposal Follow-up",Video,Completed
2203,220,2026-02-15,Call,In-person,Completed
2204,220,2026-02-17,Demo,Email,Completed
2211,221,2025-06-19,Demo,Email,Completed
2212,221,2025-06-25,Email,Phone,Completed
2221,222,2026-03-01,"Proposal Follow-up",In-person,Completed
2222,222,2026-03-03,Call,Email,Completed
2231,223,2025-07-15,Email,Video,Completed
2232,223,2025-07-21,Meeting,In-person,Completed
2233,223,2025-07-23,"Proposal Follow-up",Email,Completed
2241,224,2026-03-23,Call,Phone,Completed
2242,224,2026-03-29,Demo,Video,Completed
2243,224,2026-04-04,Email,In-person,Completed
2244,224,2026-04-06,Meeting,Email,Completed
2245,224,2026-04-12,"Proposal Follow-up",Phone,"No Response"
2251,225,2026-04-03,Meeting,Email,Completed
2252,225,2026-04-09,"Proposal Follow-up",Phone,Completed
2253,225,2026-04-15,Call,Video,Completed
2254,225,2026-04-21,Demo,In-person,"No Response"
2255,225,2026-04-23,Email,Email,Completed
2261,226,2025-08-21,Demo,In-person,Completed
2262,226,2025-08-23,Email,Email,Completed
2263,226,2025-08-29,Meeting,Phone,Completed
2264,226,2025-09-04,"Proposal Follow-up",Video,Completed
2271,227,2026-04-29,"Proposal Follow-up",Video,Completed
2272,227,2026-05-05,Call,In-person,Completed
2273,227,2026-05-07,Demo,Email,Completed
2274,227,2026-05-13,Email,Phone,Completed
2281,228,2025-09-12,Email,Phone,Completed
2282,228,2025-09-18,Meeting,Video,Completed
2283,228,2025-09-24,"Proposal Follow-up",In-person,Completed
2284,228,2025-09-26,Call,Email,Completed
2285,228,2025-10-02,Demo,Phone,"No Response"
2291,229,2025-01-26,Call,Email,"No Response"
2292,229,2025-02-01,Demo,Phone,Completed
2293,229,2025-02-07,Email,Video,Completed
2294,229,2025-02-13,Meeting,In-person,Completed
2301,230,2025-10-08,Meeting,In-person,Completed
2302,230,2025-10-10,"Proposal Follow-up",Email,Completed
2303,230,2025-10-16,Call,Phone,Completed
2304,230,2025-10-22,Demo,Video,Completed
2305,230,2025-10-28,Email,In-person,Completed
2311,231,2025-02-21,Demo,Video,Completed
2312,231,2025-02-27,Email,In-person,Completed
2321,232,2025-10-30,"Proposal Follow-up",Phone,Completed
2322,232,2025-11-05,Call,Video,"No Response"
2323,232,2025-11-11,Demo,In-person,Completed
2324,232,2025-11-13,Email,Email,Completed
2331,233,2025-03-15,Email,Email,"No Response"
2332,233,2025-03-21,Meeting,Phone,Completed
2333,233,2025-03-27,"Proposal Follow-up",Video,Completed
2334,233,2025-04-02,Call,In-person,Completed
2335,233,2025-04-04,Demo,Email,Completed
2341,234,2025-11-25,Call,In-person,Completed
2342,234,2025-11-27,Demo,Email,Completed
2351,235,2025-04-10,Meeting,Video,Completed
2352,235,2025-04-16,"Proposal Follow-up",In-person,Completed
2353,235,2025-04-18,Call,Email,"No Response"
2354,235,2025-04-24,Demo,Phone,Completed
2361,236,2025-12-17,Demo,Phone,Completed
2362,236,2025-12-23,Email,Video,Completed
2363,236,2025-12-29,Meeting,In-person,Completed
2364,236,2025-12-31,"Proposal Follow-up",Email,Completed
2371,237,2025-05-02,"Proposal Follow-up",Email,Completed
2372,237,2025-05-08,Call,Phone,Completed
2373,237,2025-05-14,Demo,Video,Completed
2374,237,2025-05-20,Email,In-person,Completed
2381,238,2026-01-12,Email,In-person,Completed
2382,238,2026-01-14,Meeting,Email,Completed
2383,238,2026-01-20,"Proposal Follow-up",Phone,Completed
2384,238,2026-01-26,Call,Video,"No Response"
2391,239,2026-01-23,Call,Video,Completed
2392,239,2026-01-29,Demo,In-person,Completed
2393,239,2026-01-31,Email,Email,Completed
2394,239,2026-02-06,Meeting,Phone,Completed
2395,239,2026-02-12,"Proposal Follow-up",Video,Completed
2401,240,2025-06-08,Meeting,Phone,Completed
2402,240,2025-06-14,"Proposal Follow-up",Video,Completed
2403,240,2025-06-20,Call,In-person,Completed
2404,240,2025-06-22,Demo,Email,Completed
2405,240,2025-06-28,Email,Phone,Completed
2411,241,2026-02-14,Demo,Email,Completed
2412,241,2026-02-20,Email,Phone,Completed
2413,241,2026-02-26,Meeting,Video,Completed
2414,241,2026-03-04,"Proposal Follow-up",In-person,Completed
2415,241,2026-03-06,Call,Email,"No Response"
2421,242,2025-07-04,"Proposal Follow-up",In-person,"No Response"
2422,242,2025-07-06,Call,Email,Completed
2423,242,2025-07-12,Demo,Phone,Completed
2424,242,2025-07-18,Email,Video,Completed
2431,243,2026-03-12,Email,Video,Completed
2432,243,2026-03-18,Meeting,In-person,Completed
2433,243,2026-03-20,"Proposal Follow-up",Email,Completed
2434,243,2026-03-26,Call,Phone,Completed
2441,244,2025-07-26,Call,Phone,Completed
2442,244,2025-08-01,Demo,Video,Completed
2443,244,2025-08-07,Email,In-person,"No Response"
2451,245,2026-04-03,Meeting,Email,Completed
2452,245,2026-04-09,"Proposal Follow-up",Phone,"No Response"
2453,245,2026-04-15,Call,Video,Completed
2454,245,2026-04-21,Demo,In-person,Completed
2455,245,2026-04-23,Email,Email,Completed
2461,246,2025-08-21,Demo,In-person,Completed
2462,246,2025-08-23,Email,Email,Completed
2471,247,2026-04-29,"Proposal Follow-up",Video,Completed
2472,247,2026-05-05,Call,In-person,Completed
2473,247,2026-05-07,Demo,Email,Completed
2481,248,2025-09-12,Email,Phone,Completed
2482,248,2025-09-18,Meeting,Video,Completed
2483,248,2025-09-24,"Proposal Follow-up",In-person,"No Response"
2484,248,2025-09-26,Call,Email,Completed
2491,249,2025-01-26,Call,Email,Completed
2492,249,2025-02-01,Demo,Phone,Completed
2493,249,2025-02-07,Email,Video,Completed
2494,249,2025-02-13,Meeting,In-person,Completed
2495,249,2025-02-15,"Proposal Follow-up",Email,Completed
2501,250,2025-10-08,Meeting,In-person,Completed
2502,250,2025-10-10,"Proposal Follow-up",Email,Completed
2503,250,2025-10-16,Call,Phone,Completed
2504,250,2025-10-22,Demo,Video,Completed
2511,251,2025-02-21,Demo,Video,Completed
2512,251,2025-02-27,Email,In-person,Completed
2513,251,2025-03-01,Meeting,Email,Completed
2514,251,2025-03-07,"Proposal Follow-up",Phone,"No Response"
2521,252,2025-10-30,"Proposal Follow-up",Phone,Completed
2522,252,2025-11-05,Call,Video,Completed
2523,252,2025-11-11,Demo,In-person,Completed
2524,252,2025-11-13,Email,Email,Completed
2525,252,2025-11-19,Meeting,Phone,Completed
2531,253,2025-11-10,Email,Email,Completed
2532,253,2025-11-16,Meeting,Phone,Completed
2533,253,2025-11-22,"Proposal Follow-up",Video,Completed
2534,253,2025-11-28,Call,In-person,Completed
2541,254,2025-03-30,Call,In-person,Completed
2542,254,2025-04-01,Demo,Email,Completed
2543,254,2025-04-07,Email,Phone,Completed
2544,254,2025-04-13,Meeting,Video,Completed
2551,255,2025-12-06,Meeting,Video,"No Response"
2552,255,2025-12-12,"Proposal Follow-up",In-person,Completed
2553,255,2025-12-14,Call,Email,Completed
2554,255,2025-12-20,Demo,Phone,Completed
2555,255,2025-12-26,Email,Video,Completed
2561,256,2025-04-21,Demo,Phone,Completed
2562,256,2025-04-27,Email,Video,Completed
2563,256,2025-05-03,Meeting,In-person,Completed
2564,256,2025-05-05,"Proposal Follow-up",Email,Completed
2565,256,2025-05-11,Call,Phone,Completed
2571,257,2025-12-28,"Proposal Follow-up",Email,Completed
2572,257,2026-01-03,Call,Phone,Completed
2573,257,2026-01-09,Demo,Video,"No Response"
2574,257,2026-01-15,Email,In-person,Completed
2575,257,2026-01-17,Meeting,Email,Completed
2581,258,2025-05-17,Email,In-person,Completed
2582,258,2025-05-19,Meeting,Email,"No Response"
2583,258,2025-05-25,"Proposal Follow-up",Phone,Completed
2584,258,2025-05-31,Call,Video,Completed
2585,258,2025-06-06,Demo,In-person,Completed
2591,259,2026-01-23,Call,Video,Completed
2592,259,2026-01-29,Demo,In-person,Completed
2593,259,2026-01-31,Email,Email,Completed
2594,259,2026-02-06,Meeting,Phone,Completed
2595,259,2026-02-12,"Proposal Follow-up",Video,Completed
2601,260,2025-06-08,Meeting,Phone,Completed
2602,260,2025-06-14,"Proposal Follow-up",Video,Completed
2603,260,2025-06-20,Call,In-person,Completed
2604,260,2025-06-22,Demo,Email,"No Response"
2611,261,2026-02-14,Demo,Email,Completed
2612,261,2026-02-20,Email,Phone,Completed
2613,261,2026-02-26,Meeting,Video,"No Response"
2614,261,2026-03-04,"Proposal Follow-up",In-person,Completed
2621,262,2025-07-04,"Proposal Follow-up",In-person,Completed
2622,262,2025-07-06,Call,Email,Completed
2623,262,2025-07-12,Demo,Phone,Completed
2631,263,2026-03-12,Email,Video,Completed
2632,263,2026-03-18,Meeting,In-person,Completed
2633,263,2026-03-20,"Proposal Follow-up",Email,Completed
2634,263,2026-03-26,Call,Phone,Completed
2635,263,2026-04-01,Demo,Video,"No Response"
2641,264,2025-07-26,Call,Phone,Completed
2642,264,2025-08-01,Demo,Video,Completed
2643,264,2025-08-07,Email,In-person,Completed
2644,264,2025-08-09,Meeting,Email,"No Response"
2651,265,2026-04-03,Meeting,Email,Completed
2652,265,2026-04-09,"Proposal Follow-up",Phone,Completed
2653,265,2026-04-15,Call,Video,Completed
2661,266,2025-08-21,Demo,In-person,Completed
2662,266,2025-08-23,Email,Email,Completed
2663,266,2025-08-29,Meeting,Phone,Completed
2664,266,2025-09-04,"Proposal Follow-up",Video,Completed
2671,267,2025-09-01,"Proposal Follow-up",Video,Completed
2672,267,2025-09-07,Call,In-person,"No Response"
2673,267,2025-09-09,Demo,Email,Completed
2674,267,2025-09-15,Email,Phone,Completed
2681,268,2025-01-15,Email,Phone,"No Response"
2682,268,2025-01-21,Meeting,Video,Completed
2683,268,2025-01-27,"Proposal Follow-up",In-person,Completed
2684,268,2025-01-29,Call,Email,Completed
2685,268,2025-02-04,Demo,Phone,Completed
2691,269,2025-09-23,Call,Email,Completed
2692,269,2025-09-29,Demo,Phone,Completed
2693,269,2025-10-05,Email,Video,Completed
2701,270,2025-02-10,Meeting,In-person,Completed
2702,270,2025-02-12,"Proposal Follow-up",Email,Completed
2703,270,2025-02-18,Call,Phone,"No Response"
2704,270,2025-02-24,Demo,Video,Completed
2711,271,2025-10-19,Demo,Video,Completed
2712,271,2025-10-25,Email,In-person,"No Response"
2713,271,2025-10-27,Meeting,Email,Completed
2714,271,2025-11-02,"Proposal Follow-up",Phone,Completed
2721,272,2025-03-04,"Proposal Follow-up",Phone,Completed
2722,272,2025-03-10,Call,Video,Completed
2723,272,2025-03-16,Demo,In-person,Completed
2724,272,2025-03-18,Email,Email,Completed
2725,272,2025-03-24,Meeting,Phone,Completed
2731,273,2025-11-10,Email,Email,Completed
2732,273,2025-11-16,Meeting,Phone,Completed
2733,273,2025-11-22,"Proposal Follow-up",Video,Completed
2741,274,2025-03-30,Call,In-person,Completed
2742,274,2025-04-01,Demo,Email,Completed
2743,274,2025-04-07,Email,Phone,"No Response"
2744,274,2025-04-13,Meeting,Video,Completed
2751,275,2025-12-06,Meeting,Video,Completed
2752,275,2025-12-12,"Proposal Follow-up",In-person,Completed
2753,275,2025-12-14,Call,Email,Completed
2754,275,2025-12-20,Demo,Phone,Completed
2761,276,2025-04-21,Demo,Phone,Completed
2762,276,2025-04-27,Email,Video,Completed
2763,276,2025-05-03,Meeting,In-person,Completed
2764,276,2025-05-05,"Proposal Follow-up",Email,Completed
2771,277,2025-12-28,"Proposal Follow-up",Email,Completed
2772,277,2026-01-03,Call,Phone,Completed
2773,277,2026-01-09,Demo,Video,Completed
2781,278,2025-05-17,Email,In-person,Completed
2782,278,2025-05-19,Meeting,Email,Completed
2783,278,2025-05-25,"Proposal Follow-up",Phone,Completed
2791,279,2026-01-23,Call,Video,Completed
2792,279,2026-01-29,Demo,In-person,Completed
2793,279,2026-01-31,Email,Email,Completed
2794,279,2026-02-06,Meeting,Phone,Completed
2795,279,2026-02-12,"Proposal Follow-up",Video,Completed
2801,280,2025-06-08,Meeting,Phone,Completed
2802,280,2025-06-14,"Proposal Follow-up",Video,"No Response"
2803,280,2025-06-20,Call,In-person,Completed
2804,280,2025-06-22,Demo,Email,Completed
2811,281,2025-06-19,Demo,Email,"No Response"
2812,281,2025-06-25,Email,Phone,Completed
2813,281,2025-07-01,Meeting,Video,Completed
2814,281,2025-07-07,"Proposal Follow-up",In-person,Completed
2821,282,2026-03-01,"Proposal Follow-up",In-person,Completed
2822,282,2026-03-03,Call,Email,Completed
2823,282,2026-03-09,Demo,Phone,Completed
2824,282,2026-03-15,Email,Video,Completed
2831,283,2025-07-15,Email,Video,Completed
2832,283,2025-07-21,Meeting,In-person,Completed
2833,283,2025-07-23,"Proposal Follow-up",Email,"No Response"
2834,283,2025-07-29,Call,Phone,Completed
2835,283,2025-08-04,Demo,Video,Completed
2841,284,2026-03-23,Call,Phone,Completed
2842,284,2026-03-29,Demo,Video,"No Response"
2843,284,2026-04-04,Email,In-person,Completed
2844,284,2026-04-06,Meeting,Email,Completed
2851,285,2025-08-06,Meeting,Email,Completed
2852,285,2025-08-12,"Proposal Follow-up",Phone,Completed
2853,285,2025-08-18,Call,Video,Completed
2854,285,2025-08-24,Demo,In-person,Completed
2855,285,2025-08-26,Email,Email,Completed
2861,286,2026-04-18,Demo,In-person,Completed
2862,286,2026-04-20,Email,Email,Completed
2863,286,2026-04-26,Meeting,Phone,Completed
2864,286,2026-05-02,"Proposal Follow-up",Video,"No Response"
2871,287,2025-09-01,"Proposal Follow-up",Video,Completed
2872,287,2025-09-07,Call,In-person,Completed
2873,287,2025-09-09,Demo,Email,"No Response"
2874,287,2025-09-15,Email,Phone,Completed
2875,287,2025-09-21,Meeting,Video,Completed
2881,288,2025-01-15,Email,Phone,Completed
2882,288,2025-01-21,Meeting,Video,Completed
2883,288,2025-01-27,"Proposal Follow-up",In-person,Completed
2891,289,2025-09-23,Call,Email,Completed
2892,289,2025-09-29,Demo,Phone,Completed
2893,289,2025-10-05,Email,Video,Completed
2894,289,2025-10-11,Meeting,In-person,Completed
2901,290,2025-02-10,Meeting,In-person,"No Response"
2902,290,2025-02-12,"Proposal Follow-up",Email,Completed
2903,290,2025-02-18,Call,Phone,Completed
2904,290,2025-02-24,Demo,Video,Completed
2911,291,2025-10-19,Demo,Video,Completed
2912,291,2025-10-25,Email,In-person,Completed
2913,291,2025-10-27,Meeting,Email,Completed
2914,291,2025-11-02,"Proposal Follow-up",Phone,Completed
2915,291,2025-11-08,Call,Video,Completed
2921,292,2025-03-04,"Proposal Follow-up",Phone,Completed
2922,292,2025-03-10,Call,Video,Completed
2923,292,2025-03-16,Demo,In-person,Completed
2924,292,2025-03-18,Email,Email,Completed
2925,292,2025-03-24,Meeting,Phone,Completed
2931,293,2025-11-10,Email,Email,Completed
2932,293,2025-11-16,Meeting,Phone,"No Response"
2933,293,2025-11-22,"Proposal Follow-up",Video,Completed
2941,294,2025-03-30,Call,In-person,"No Response"
2942,294,2025-04-01,Demo,Email,Completed
2943,294,2025-04-07,Email,Phone,Completed
2951,295,2025-04-10,Meeting,Video,Completed
2952,295,2025-04-16,"Proposal Follow-up",In-person,Completed
2953,295,2025-04-18,Call,Email,Completed
2954,295,2025-04-24,Demo,Phone,Completed
2961,296,2025-12-17,Demo,Phone,Completed
2962,296,2025-12-23,Email,Video,Completed
2963,296,2025-12-29,Meeting,In-person,"No Response"
2971,297,2025-05-02,"Proposal Follow-up",Email,Completed
2972,297,2025-05-08,Call,Phone,"No Response"
2973,297,2025-05-14,Demo,Video,Completed
2981,298,2026-01-12,Email,In-person,Completed
2982,298,2026-01-14,Meeting,Email,Completed
2983,298,2026-01-20,"Proposal Follow-up",Phone,Completed
2984,298,2026-01-26,Call,Video,Completed
2985,298,2026-02-01,Demo,In-person,"No Response"
2991,299,2025-05-28,Call,Video,Completed
2992,299,2025-06-03,Demo,In-person,Completed
2993,299,2025-06-05,Email,Email,Completed
2994,299,2025-06-11,Meeting,Phone,"No Response"
3001,300,2026-02-03,Meeting,Phone,Completed
3002,300,2026-02-09,"Proposal Follow-up",Video,Completed
3003,300,2026-02-15,Call,In-person,Completed
3004,300,2026-02-17,Demo,Email,Completed
3011,301,2025-06-19,Demo,Email,Completed
3012,301,2025-06-25,Email,Phone,Completed
3013,301,2025-07-01,Meeting,Video,Completed
3014,301,2025-07-07,"Proposal Follow-up",In-person,Completed
3015,301,2025-07-09,Call,Email,Completed
3021,302,2026-03-01,"Proposal Follow-up",In-person,Completed
3022,302,2026-03-03,Call,Email,Completed
3031,303,2025-07-15,Email,Video,"No Response"
3032,303,2025-07-21,Meeting,In-person,Completed
3033,303,2025-07-23,"Proposal Follow-up",Email,Completed
3041,304,2026-03-23,Call,Phone,Completed
3042,304,2026-03-29,Demo,Video,Completed
3051,305,2025-08-06,Meeting,Email,Completed
3052,305,2025-08-12,"Proposal Follow-up",Phone,Completed
3053,305,2025-08-18,Call,Video,Completed
3054,305,2025-08-24,Demo,In-person,Completed
3055,305,2025-08-26,Email,Email,Completed
3061,306,2026-04-18,Demo,In-person,Completed
3062,306,2026-04-20,Email,Email,"No Response"
3063,306,2026-04-26,Meeting,Phone,Completed
3064,306,2026-05-02,"Proposal Follow-up",Video,Completed
3071,307,2025-09-01,"Proposal Follow-up",Video,"No Response"
3072,307,2025-09-07,Call,In-person,Completed
3073,307,2025-09-09,Demo,Email,Completed
3074,307,2025-09-15,Email,Phone,Completed
3081,308,2025-01-15,Email,Phone,Completed
3082,308,2025-01-21,Meeting,Video,Completed
3083,308,2025-01-27,"Proposal Follow-up",In-person,Completed
3084,308,2025-01-29,Call,Email,Completed
3085,308,2025-02-04,Demo,Phone,Completed
3091,309,2025-01-26,Call,Email,Completed
3092,309,2025-02-01,Demo,Phone,Completed
3093,309,2025-02-07,Email,Video,"No Response"
3094,309,2025-02-13,Meeting,In-person,Completed
3101,310,2025-10-08,Meeting,In-person,Completed
3102,310,2025-10-10,"Proposal Follow-up",Email,"No Response"
3103,310,2025-10-16,Call,Phone,Completed
3104,310,2025-10-22,Demo,Video,Completed
3111,311,2025-02-21,Demo,Video,Completed
3112,311,2025-02-27,Email,In-person,Completed
3113,311,2025-03-01,Meeting,Email,Completed
3114,311,2025-03-07,"Proposal Follow-up",Phone,Completed
3121,312,2025-10-30,"Proposal Follow-up",Phone,Completed
3122,312,2025-11-05,Call,Video,Completed
3123,312,2025-11-11,Demo,In-person,Completed
3124,312,2025-11-13,Email,Email,"No Response"
3131,313,2025-03-15,Email,Email,Completed
3132,313,2025-03-21,Meeting,Phone,Completed
3133,313,2025-03-27,"Proposal Follow-up",Video,Completed
3134,313,2025-04-02,Call,In-person,Completed
3141,314,2025-11-25,Call,In-person,Completed
3142,314,2025-11-27,Demo,Email,Completed
3143,314,2025-12-03,Email,Phone,Completed
3144,314,2025-12-09,Meeting,Video,Completed
3151,315,2025-04-10,Meeting,Video,Completed
3152,315,2025-04-16,"Proposal Follow-up",In-person,Completed
3161,316,2025-12-17,Demo,Phone,"No Response"
3162,316,2025-12-23,Email,Video,Completed
3163,316,2025-12-29,Meeting,In-person,Completed
3171,317,2025-05-02,"Proposal Follow-up",Email,Completed
3172,317,2025-05-08,Call,Phone,Completed
3173,317,2025-05-14,Demo,Video,Completed
3174,317,2025-05-20,Email,In-person,Completed
3175,317,2025-05-22,Meeting,Email,Completed
3181,318,2026-01-12,Email,In-person,Completed
3182,318,2026-01-14,Meeting,Email,Completed
3183,318,2026-01-20,"Proposal Follow-up",Phone,Completed
3184,318,2026-01-26,Call,Video,Completed
3191,319,2025-05-28,Call,Video,Completed
3192,319,2025-06-03,Demo,In-person,"No Response"
3201,320,2026-02-03,Meeting,Phone,"No Response"
3202,320,2026-02-09,"Proposal Follow-up",Video,Completed
3203,320,2026-02-15,Call,In-person,Completed
3204,320,2026-02-17,Demo,Email,Completed
3205,320,2026-02-23,Email,Phone,Completed
3211,321,2025-06-19,Demo,Email,Completed
3212,321,2025-06-25,Email,Phone,Completed
3213,321,2025-07-01,Meeting,Video,Completed
3214,321,2025-07-07,"Proposal Follow-up",In-person,"No Response"
3221,322,2026-03-01,"Proposal Follow-up",In-person,Completed
3222,322,2026-03-03,Call,Email,Completed
3223,322,2026-03-09,Demo,Phone,"No Response"
3231,323,2026-03-12,Email,Video,Completed
3232,323,2026-03-18,Meeting,In-person,Completed
3233,323,2026-03-20,"Proposal Follow-up",Email,Completed
3234,323,2026-03-26,Call,Phone,Completed
3241,324,2025-07-26,Call,Phone,Completed
3242,324,2025-08-01,Demo,Video,Completed
3243,324,2025-08-07,Email,In-person,Completed
3251,325,2026-04-03,Meeting,Email,Completed
3252,325,2026-04-09,"Proposal Follow-up",Phone,Completed
3253,325,2026-04-15,Call,Video,Completed
3254,325,2026-04-21,Demo,In-person,"No Response"
3261,326,2025-08-21,Demo,In-person,Completed
3262,326,2025-08-23,Email,Email,Completed
3263,326,2025-08-29,Meeting,Phone,Completed
3264,326,2025-09-04,"Proposal Follow-up",Video,Completed
3271,327,2026-04-29,"Proposal Follow-up",Video,Completed
3272,327,2026-05-05,Call,In-person,Completed
3273,327,2026-05-07,Demo,Email,Completed
3274,327,2026-05-13,Email,Phone,Completed
3275,327,2026-05-19,Meeting,Video,Completed
3281,328,2025-09-12,Email,Phone,Completed
3282,328,2025-09-18,Meeting,Video,Completed
3283,328,2025-09-24,"Proposal Follow-up",In-person,Completed
3291,329,2025-01-26,Call,Email,"No Response"
3292,329,2025-02-01,Demo,Phone,Completed
3293,329,2025-02-07,Email,Video,Completed
3294,329,2025-02-13,Meeting,In-person,Completed
3301,330,2025-10-08,Meeting,In-person,Completed
3302,330,2025-10-10,"Proposal Follow-up",Email,Completed
3303,330,2025-10-16,Call,Phone,Completed
3304,330,2025-10-22,Demo,Video,Completed
3311,331,2025-02-21,Demo,Video,Completed
3312,331,2025-02-27,Email,In-person,Completed
3321,332,2025-10-30,"Proposal Follow-up",Phone,Completed
3322,332,2025-11-05,Call,Video,"No Response"
3323,332,2025-11-11,Demo,In-person,Completed
3324,332,2025-11-13,Email,Email,Completed
3331,333,2025-03-15,Email,Email,"No Response"
3332,333,2025-03-21,Meeting,Phone,Completed
3333,333,2025-03-27,"Proposal Follow-up",Video,Completed
3341,334,2025-11-25,Call,In-person,Completed
3342,334,2025-11-27,Demo,Email,Completed
3343,334,2025-12-03,Email,Phone,Completed
3351,335,2025-04-10,Meeting,Video,Completed
3352,335,2025-04-16,"Proposal Follow-up",In-person,Completed
3353,335,2025-04-18,Call,Email,"No Response"
3354,335,2025-04-24,Demo,Phone,Completed
3355,335,2025-04-30,Email,Video,Completed
3361,336,2025-12-17,Demo,Phone,Completed
3362,336,2025-12-23,Email,Video,Completed
3363,336,2025-12-29,Meeting,In-person,Completed
3364,336,2025-12-31,"Proposal Follow-up",Email,Completed
3371,337,2025-05-02,"Proposal Follow-up",Email,Completed
3372,337,2025-05-08,Call,Phone,Completed
3373,337,2025-05-14,Demo,Video,Completed
3374,337,2025-05-20,Email,In-person,Completed
3381,338,2025-05-17,Email,In-person,Completed
3382,338,2025-05-19,Meeting,Email,Completed
3391,339,2026-01-23,Call,Video,Completed
3392,339,2026-01-29,Demo,In-person,Completed
3393,339,2026-01-31,Email,Email,Completed
3394,339,2026-02-06,Meeting,Phone,Completed
3401,340,2025-06-08,Meeting,Phone,Completed
3402,340,2025-06-14,"Proposal Follow-up",Video,Completed
3403,340,2025-06-20,Call,In-person,Completed
3404,340,2025-06-22,Demo,Email,Completed
3411,341,2026-02-14,Demo,Email,Completed
3412,341,2026-02-20,Email,Phone,Completed
3413,341,2026-02-26,Meeting,Video,Completed
3414,341,2026-03-04,"Proposal Follow-up",In-person,Completed
3421,342,2025-07-04,"Proposal Follow-up",In-person,"No Response"
3422,342,2025-07-06,Call,Email,Completed
3423,342,2025-07-12,Demo,Phone,Completed
3431,343,2026-03-12,Email,Video,Completed
3432,343,2026-03-18,Meeting,In-person,Completed
3433,343,2026-03-20,"Proposal Follow-up",Email,Completed
3434,343,2026-03-26,Call,Phone,Completed
3441,344,2025-07-26,Call,Phone,Completed
3442,344,2025-08-01,Demo,Video,Completed
3443,344,2025-08-07,Email,In-person,"No Response"
3444,344,2025-08-09,Meeting,Email,Completed
3445,344,2025-08-15,"Proposal Follow-up",Phone,Completed
3451,345,2026-04-03,Meeting,Email,Completed
3452,345,2026-04-09,"Proposal Follow-up",Phone,"No Response"
3453,345,2026-04-15,Call,Video,Completed
3461,346,2025-08-21,Demo,In-person,Completed
3462,346,2025-08-23,Email,Email,Completed
3463,346,2025-08-29,Meeting,Phone,Completed
3464,346,2025-09-04,"Proposal Follow-up",Video,Completed
3471,347,2026-04-29,"Proposal Follow-up",Video,Completed
3472,347,2026-05-05,Call,In-person,Completed
3473,347,2026-05-07,Demo,Email,Completed
3474,347,2026-05-13,Email,Phone,"No Response"
3481,348,2025-09-12,Email,Phone,Completed
3482,348,2025-09-18,Meeting,Video,Completed
3483,348,2025-09-24,"Proposal Follow-up",In-person,"No Response"
3484,348,2025-09-26,Call,Email,Completed
3491,349,2025-01-26,Call,Email,Completed
3492,349,2025-02-01,Demo,Phone,Completed
3501,350,2025-10-08,Meeting,In-person,Completed
3502,350,2025-10-10,"Proposal Follow-up",Email,Completed
3503,350,2025-10-16,Call,Phone,Completed
3504,350,2025-10-22,Demo,Video,Completed
3511,351,2025-02-21,Demo,Video,Completed
3512,351,2025-02-27,Email,In-person,Completed
3521,352,2025-03-04,"Proposal Follow-up",Phone,Completed
3522,352,2025-03-10,Call,Video,Completed
3523,352,2025-03-16,Demo,In-person,Completed
3524,352,2025-03-18,Email,Email,Completed
3531,353,2025-11-10,Email,Email,Completed
3532,353,2025-11-16,Meeting,Phone,Completed
3533,353,2025-11-22,"Proposal Follow-up",Video,Completed
3534,353,2025-11-28,Call,In-person,Completed
3541,354,2025-03-30,Call,In-person,Completed
3542,354,2025-04-01,Demo,Email,Completed
3551,355,2025-12-06,Meeting,Video,"No Response"
3552,355,2025-12-12,"Proposal Follow-up",In-person,Completed
3553,355,2025-12-14,Call,Email,Completed
3554,355,2025-12-20,Demo,Phone,Completed
3555,355,2025-12-26,Email,Video,Completed
3561,356,2025-04-21,Demo,Phone,Completed
3562,356,2025-04-27,Email,Video,Completed
3571,357,2025-12-28,"Proposal Follow-up",Email,Completed
3572,357,2026-01-03,Call,Phone,Completed
3581,358,2025-05-17,Email,In-person,Completed
3582,358,2025-05-19,Meeting,Email,"No Response"
3583,358,2025-05-25,"Proposal Follow-up",Phone,Completed
3584,358,2025-05-31,Call,Video,Completed
3591,359,2026-01-23,Call,Video,Completed
3592,359,2026-01-29,Demo,In-person,Completed
3593,359,2026-01-31,Email,Email,Completed
3601,360,2025-06-08,Meeting,Phone,Completed
3602,360,2025-06-14,"Proposal Follow-up",Video,Completed
3603,360,2025-06-20,Call,In-person,Completed
3604,360,2025-06-22,Demo,Email,"No Response"
3611,361,2026-02-14,Demo,Email,Completed
3612,361,2026-02-20,Email,Phone,Completed
3613,361,2026-02-26,Meeting,Video,"No Response"
3614,361,2026-03-04,"Proposal Follow-up",In-person,Completed
3615,361,2026-03-06,Call,Email,Completed
3621,362,2025-07-04,"Proposal Follow-up",In-person,Completed
3622,362,2025-07-06,Call,Email,Completed
3631,363,2026-03-12,Email,Video,Completed
3632,363,2026-03-18,Meeting,In-person,Completed
3633,363,2026-03-20,"Proposal Follow-up",Email,Completed
3634,363,2026-03-26,Call,Phone,Completed
3641,364,2025-07-26,Call,Phone,Completed
3642,364,2025-08-01,Demo,Video,Completed
3643,364,2025-08-07,Email,In-person,Completed
3644,364,2025-08-09,Meeting,Email,"No Response"
3645,364,2025-08-15,"Proposal Follow-up",Phone,Completed
3651,365,2026-04-03,Meeting,Email,Completed
3652,365,2026-04-09,"Proposal Follow-up",Phone,Completed
3653,365,2026-04-15,Call,Video,Completed
3654,365,2026-04-21,Demo,In-person,Completed
3655,365,2026-04-23,Email,Email,Completed
3661,366,2026-04-18,Demo,In-person,Completed
3662,366,2026-04-20,Email,Email,Completed
3663,366,2026-04-26,Meeting,Phone,Completed
3664,366,2026-05-02,"Proposal Follow-up",Video,Completed
3671,367,2025-09-01,"Proposal Follow-up",Video,Completed
3672,367,2025-09-07,Call,In-person,"No Response"
3673,367,2025-09-09,Demo,Email,Completed
3674,367,2025-09-15,Email,Phone,Completed
3681,368,2025-01-15,Email,Phone,"No Response"
3682,368,2025-01-21,Meeting,Video,Completed
3683,368,2025-01-27,"Proposal Follow-up",In-person,Completed
3684,368,2025-01-29,Call,Email,Completed
3691,369,2025-09-23,Call,Email,Completed
3692,369,2025-09-29,Demo,Phone,Completed
3693,369,2025-10-05,Email,Video,Completed
3694,369,2025-10-11,Meeting,In-person,Completed
3701,370,2025-02-10,Meeting,In-person,Completed
3702,370,2025-02-12,"Proposal Follow-up",Email,Completed
3703,370,2025-02-18,Call,Phone,"No Response"
3704,370,2025-02-24,Demo,Video,Completed
3711,371,2025-10-19,Demo,Video,Completed
3712,371,2025-10-25,Email,In-person,"No Response"
3713,371,2025-10-27,Meeting,Email,Completed
3721,372,2025-03-04,"Proposal Follow-up",Phone,Completed
3722,372,2025-03-10,Call,Video,Completed
3723,372,2025-03-16,Demo,In-person,Completed
3724,372,2025-03-18,Email,Email,Completed
3725,372,2025-03-24,Meeting,Phone,Completed
3731,373,2025-11-10,Email,Email,Completed
3732,373,2025-11-16,Meeting,Phone,Completed
3733,373,2025-11-22,"Proposal Follow-up",Video,Completed
3734,373,2025-11-28,Call,In-person,"No Response"
3741,374,2025-03-30,Call,In-person,Completed
3742,374,2025-04-01,Demo,Email,Completed
3751,375,2025-12-06,Meeting,Video,Completed
3752,375,2025-12-12,"Proposal Follow-up",In-person,Completed
3753,375,2025-12-14,Call,Email,Completed
3754,375,2025-12-20,Demo,Phone,Completed
3755,375,2025-12-26,Email,Video,Completed
3761,376,2025-04-21,Demo,Phone,Completed
3762,376,2025-04-27,Email,Video,Completed
3763,376,2025-05-03,Meeting,In-person,Completed
3764,376,2025-05-05,"Proposal Follow-up",Email,Completed
3771,377,2025-12-28,"Proposal Follow-up",Email,Completed
3772,377,2026-01-03,Call,Phone,Completed
3773,377,2026-01-09,Demo,Video,Completed
3781,378,2025-05-17,Email,In-person,Completed
3782,378,2025-05-19,Meeting,Email,Completed
3783,378,2025-05-25,"Proposal Follow-up",Phone,Completed
3784,378,2025-05-31,Call,Video,Completed
3791,379,2026-01-23,Call,Video,Completed
3792,379,2026-01-29,Demo,In-person,Completed
3793,379,2026-01-31,Email,Email,Completed
3794,379,2026-02-06,Meeting,Phone,Completed
3795,379,2026-02-12,"Proposal Follow-up",Video,Completed
3801,380,2026-02-03,Meeting,Phone,Completed
3802,380,2026-02-09,"Proposal Follow-up",Video,"No Response"
3803,380,2026-02-15,Call,In-person,Completed
3804,380,2026-02-17,Demo,Email,Completed
3811,381,2025-06-19,Demo,Email,"No Response"
3812,381,2025-06-25,Email,Phone,Completed
3813,381,2025-07-01,Meeting,Video,Completed
3814,381,2025-07-07,"Proposal Follow-up",In-person,Completed
3815,381,2025-07-09,Call,Email,Completed
3821,382,2026-03-01,"Proposal Follow-up",In-person,Completed
3822,382,2026-03-03,Call,Email,Completed
3831,383,2025-07-15,Email,Video,Completed
3832,383,2025-07-21,Meeting,In-person,Completed
3833,383,2025-07-23,"Proposal Follow-up",Email,"No Response"
3834,383,2025-07-29,Call,Phone,Completed
3841,384,2026-03-23,Call,Phone,Completed
3842,384,2026-03-29,Demo,Video,"No Response"
3851,385,2025-08-06,Meeting,Email,Completed
3852,385,2025-08-12,"Proposal Follow-up",Phone,Completed
3861,386,2026-04-18,Demo,In-person,Completed
3862,386,2026-04-20,Email,Email,Completed
3863,386,2026-04-26,Meeting,Phone,Completed
3864,386,2026-05-02,"Proposal Follow-up",Video,"No Response"
3871,387,2025-09-01,"Proposal Follow-up",Video,Completed
3872,387,2025-09-07,Call,In-person,Completed
3873,387,2025-09-09,Demo,Email,"No Response"
3874,387,2025-09-15,Email,Phone,Completed
3881,388,2025-01-15,Email,Phone,Completed
3882,388,2025-01-21,Meeting,Video,Completed
3883,388,2025-01-27,"Proposal Follow-up",In-person,Completed
3884,388,2025-01-29,Call,Email,Completed
3891,389,2025-09-23,Call,Email,Completed
3892,389,2025-09-29,Demo,Phone,Completed
3901,390,2025-02-10,Meeting,In-person,"No Response"
3902,390,2025-02-12,"Proposal Follow-up",Email,Completed
3911,391,2025-10-19,Demo,Video,Completed
3912,391,2025-10-25,Email,In-person,Completed
3913,391,2025-10-27,Meeting,Email,Completed
3914,391,2025-11-02,"Proposal Follow-up",Phone,Completed
3915,391,2025-11-08,Call,Video,Completed
3921,392,2025-03-04,"Proposal Follow-up",Phone,Completed
3922,392,2025-03-10,Call,Video,Completed
3923,392,2025-03-16,Demo,In-person,Completed
3924,392,2025-03-18,Email,Email,Completed
3931,393,2025-11-10,Email,Email,Completed
3932,393,2025-11-16,Meeting,Phone,"No Response"
3933,393,2025-11-22,"Proposal Follow-up",Video,Completed
3934,393,2025-11-28,Call,In-person,Completed
3941,394,2025-11-25,Call,In-person,"No Response"
3942,394,2025-11-27,Demo,Email,Completed
3943,394,2025-12-03,Email,Phone,Completed
3951,395,2025-04-10,Meeting,Video,Completed
3952,395,2025-04-16,"Proposal Follow-up",In-person,Completed
3953,395,2025-04-18,Call,Email,Completed
3954,395,2025-04-24,Demo,Phone,Completed
3961,396,2025-12-17,Demo,Phone,Completed
3962,396,2025-12-23,Email,Video,Completed
3963,396,2025-12-29,Meeting,In-person,"No Response"
3971,397,2025-05-02,"Proposal Follow-up",Email,Completed
3972,397,2025-05-08,Call,Phone,"No Response"
3973,397,2025-05-14,Demo,Video,Completed
3974,397,2025-05-20,Email,In-person,Completed
3981,398,2026-01-12,Email,In-person,Completed
3982,398,2026-01-14,Meeting,Email,Completed
3983,398,2026-01-20,"Proposal Follow-up",Phone,Completed
3984,398,2026-01-26,Call,Video,Completed
3985,398,2026-02-01,Demo,In-person,"No Response"
3991,399,2025-05-28,Call,Video,Completed
3992,399,2025-06-03,Demo,In-person,Completed
3993,399,2025-06-05,Email,Email,Completed
3994,399,2025-06-11,Meeting,Phone,"No Response"
4001,400,2026-02-03,Meeting,Phone,Completed
4002,400,2026-02-09,"Proposal Follow-up",Video,Completed
4003,400,2026-02-15,Call,In-person,Completed
4004,400,2026-02-17,Demo,Email,Completed
4011,401,2025-06-19,Demo,Email,Completed
4012,401,2025-06-25,Email,Phone,Completed
4013,401,2025-07-01,Meeting,Video,Completed
4014,401,2025-07-07,"Proposal Follow-up",In-person,Completed
4015,401,2025-07-09,Call,Email,Completed
4021,402,2026-03-01,"Proposal Follow-up",In-person,Completed
4022,402,2026-03-03,Call,Email,Completed
4023,402,2026-03-09,Demo,Phone,Completed
4024,402,2026-03-15,Email,Video,Completed
4025,402,2026-03-21,Meeting,In-person,"No Response"
4031,403,2025-07-15,Email,Video,"No Response"
4032,403,2025-07-21,Meeting,In-person,Completed
4033,403,2025-07-23,"Proposal Follow-up",Email,Completed
4041,404,2026-03-23,Call,Phone,Completed
4042,404,2026-03-29,Demo,Video,Completed
4043,404,2026-04-04,Email,In-person,Completed
4051,405,2025-08-06,Meeting,Email,Completed
4052,405,2025-08-12,"Proposal Follow-up",Phone,Completed
4053,405,2025-08-18,Call,Video,Completed
4061,406,2026-04-18,Demo,In-person,Completed
4062,406,2026-04-20,Email,Email,"No Response"
4063,406,2026-04-26,Meeting,Phone,Completed
4071,407,2025-09-01,"Proposal Follow-up",Video,"No Response"
4072,407,2025-09-07,Call,In-person,Completed
4073,407,2025-09-09,Demo,Email,Completed
4081,408,2025-09-12,Email,Phone,Completed
4082,408,2025-09-18,Meeting,Video,Completed
4083,408,2025-09-24,"Proposal Follow-up",In-person,Completed
4091,409,2025-01-26,Call,Email,Completed
4092,409,2025-02-01,Demo,Phone,Completed
4093,409,2025-02-07,Email,Video,"No Response"
4094,409,2025-02-13,Meeting,In-person,Completed
4095,409,2025-02-15,"Proposal Follow-up",Email,Completed
4101,410,2025-10-08,Meeting,In-person,Completed
4102,410,2025-10-10,"Proposal Follow-up",Email,"No Response"
4103,410,2025-10-16,Call,Phone,Completed
4104,410,2025-10-22,Demo,Video,Completed
4111,411,2025-02-21,Demo,Video,Completed
4112,411,2025-02-27,Email,In-person,Completed
4113,411,2025-03-01,Meeting,Email,Completed
4114,411,2025-03-07,"Proposal Follow-up",Phone,Completed
4121,412,2025-10-30,"Proposal Follow-up",Phone,Completed
4122,412,2025-11-05,Call,Video,Completed
4123,412,2025-11-11,Demo,In-person,Completed
4124,412,2025-11-13,Email,Email,"No Response"
4125,412,2025-11-19,Meeting,Phone,Completed
4131,413,2025-03-15,Email,Email,Completed
4132,413,2025-03-21,Meeting,Phone,Completed
4133,413,2025-03-27,"Proposal Follow-up",Video,Completed
4134,413,2025-04-02,Call,In-person,Completed
4141,414,2025-11-25,Call,In-person,Completed
4142,414,2025-11-27,Demo,Email,Completed
4143,414,2025-12-03,Email,Phone,Completed
4151,415,2025-04-10,Meeting,Video,Completed
4152,415,2025-04-16,"Proposal Follow-up",In-person,Completed
4153,415,2025-04-18,Call,Email,Completed
4154,415,2025-04-24,Demo,Phone,Completed
4161,416,2025-12-17,Demo,Phone,"No Response"
4162,416,2025-12-23,Email,Video,Completed
4163,416,2025-12-29,Meeting,In-person,Completed
4164,416,2025-12-31,"Proposal Follow-up",Email,Completed
4165,416,2026-01-06,Call,Phone,Completed
4171,417,2025-05-02,"Proposal Follow-up",Email,Completed
4172,417,2025-05-08,Call,Phone,Completed
4173,417,2025-05-14,Demo,Video,Completed
4174,417,2025-05-20,Email,In-person,Completed
4181,418,2026-01-12,Email,In-person,Completed
4182,418,2026-01-14,Meeting,Email,Completed
4183,418,2026-01-20,"Proposal Follow-up",Phone,Completed
4184,418,2026-01-26,Call,Video,Completed
4191,419,2025-05-28,Call,Video,Completed
4192,419,2025-06-03,Demo,In-person,"No Response"
4193,419,2025-06-05,Email,Email,Completed
4194,419,2025-06-11,Meeting,Phone,Completed
4195,419,2025-06-17,"Proposal Follow-up",Video,Completed
4201,420,2026-02-03,Meeting,Phone,"No Response"
4202,420,2026-02-09,"Proposal Follow-up",Video,Completed
4203,420,2026-02-15,Call,In-person,Completed
4204,420,2026-02-17,Demo,Email,Completed
4205,420,2026-02-23,Email,Phone,Completed
4211,421,2025-06-19,Demo,Email,Completed
4212,421,2025-06-25,Email,Phone,Completed
4221,422,2025-07-04,"Proposal Follow-up",In-person,Completed
4222,422,2025-07-06,Call,Email,Completed
4223,422,2025-07-12,Demo,Phone,"No Response"
4224,422,2025-07-18,Email,Video,Completed
4231,423,2026-03-12,Email,Video,Completed
4232,423,2026-03-18,Meeting,In-person,Completed
4233,423,2026-03-20,"Proposal Follow-up",Email,Completed
4234,423,2026-03-26,Call,Phone,Completed
4241,424,2025-07-26,Call,Phone,Completed
4242,424,2025-08-01,Demo,Video,Completed
4243,424,2025-08-07,Email,In-person,Completed
4244,424,2025-08-09,Meeting,Email,Completed
4251,425,2026-04-03,Meeting,Email,Completed
4252,425,2026-04-09,"Proposal Follow-up",Phone,Completed
4253,425,2026-04-15,Call,Video,Completed
4254,425,2026-04-21,Demo,In-person,"No Response"
4261,426,2025-08-21,Demo,In-person,Completed
4262,426,2025-08-23,Email,Email,Completed
4271,427,2026-04-29,"Proposal Follow-up",Video,Completed
4272,427,2026-05-05,Call,In-person,Completed
4281,428,2025-09-12,Email,Phone,Completed
4282,428,2025-09-18,Meeting,Video,Completed
4283,428,2025-09-24,"Proposal Follow-up",In-person,Completed
4284,428,2025-09-26,Call,Email,Completed
4285,428,2025-10-02,Demo,Phone,"No Response"
4291,429,2025-01-26,Call,Email,"No Response"
4292,429,2025-02-01,Demo,Phone,Completed
4293,429,2025-02-07,Email,Video,Completed
4294,429,2025-02-13,Meeting,In-person,Completed
4301,430,2025-10-08,Meeting,In-person,Completed
4302,430,2025-10-10,"Proposal Follow-up",Email,Completed
4303,430,2025-10-16,Call,Phone,Completed
4311,431,2025-02-21,Demo,Video,Completed
4312,431,2025-02-27,Email,In-person,Completed
4313,431,2025-03-01,Meeting,Email,Completed
4314,431,2025-03-07,"Proposal Follow-up",Phone,Completed
4315,431,2025-03-13,Call,Video,Completed
4321,432,2025-10-30,"Proposal Follow-up",Phone,Completed
4322,432,2025-11-05,Call,Video,"No Response"
4323,432,2025-11-11,Demo,In-person,Completed
4324,432,2025-11-13,Email,Email,Completed
4331,433,2025-03-15,Email,Email,"No Response"
4332,433,2025-03-21,Meeting,Phone,Completed
4333,433,2025-03-27,"Proposal Follow-up",Video,Completed
4334,433,2025-04-02,Call,In-person,Completed
4335,433,2025-04-04,Demo,Email,Completed
4341,434,2025-11-25,Call,In-person,Completed
4342,434,2025-11-27,Demo,Email,Completed
4343,434,2025-12-03,Email,Phone,Completed
4351,435,2025-04-10,Meeting,Video,Completed
4352,435,2025-04-16,"Proposal Follow-up",In-person,Completed
4353,435,2025-04-18,Call,Email,"No Response"
4354,435,2025-04-24,Demo,Phone,Completed
4361,436,2025-04-21,Demo,Phone,Completed
4362,436,2025-04-27,Email,Video,Completed
4371,437,2025-12-28,"Proposal Follow-up",Email,Completed
4372,437,2026-01-03,Call,Phone,Completed
4373,437,2026-01-09,Demo,Video,Completed
4374,437,2026-01-15,Email,In-person,Completed
4381,438,2025-05-17,Email,In-person,Completed
4382,438,2025-05-19,Meeting,Email,Completed
4383,438,2025-05-25,"Proposal Follow-up",Phone,Completed
4384,438,2025-05-31,Call,Video,"No Response"
4391,439,2026-01-23,Call,Video,Completed
4392,439,2026-01-29,Demo,In-person,Completed
4393,439,2026-01-31,Email,Email,Completed
4394,439,2026-02-06,Meeting,Phone,Completed
4395,439,2026-02-12,"Proposal Follow-up",Video,Completed
4401,440,2025-06-08,Meeting,Phone,Completed
4402,440,2025-06-14,"Proposal Follow-up",Video,Completed
4403,440,2025-06-20,Call,In-person,Completed
4404,440,2025-06-22,Demo,Email,Completed
4405,440,2025-06-28,Email,Phone,Completed
4411,441,2026-02-14,Demo,Email,Completed
4412,441,2026-02-20,Email,Phone,Completed
4413,441,2026-02-26,Meeting,Video,Completed
4414,441,2026-03-04,"Proposal Follow-up",In-person,Completed
4415,441,2026-03-06,Call,Email,"No Response"
4421,442,2025-07-04,"Proposal Follow-up",In-person,"No Response"
4422,442,2025-07-06,Call,Email,Completed
4423,442,2025-07-12,Demo,Phone,Completed
4424,442,2025-07-18,Email,Video,Completed
4425,442,2025-07-24,Meeting,In-person,Completed
4431,443,2026-03-12,Email,Video,Completed
4432,443,2026-03-18,Meeting,In-person,Completed
4433,443,2026-03-20,"Proposal Follow-up",Email,Completed
4434,443,2026-03-26,Call,Phone,Completed
4435,443,2026-04-01,Demo,Video,Completed
4441,444,2025-07-26,Call,Phone,Completed
4442,444,2025-08-01,Demo,Video,Completed
4443,444,2025-08-07,Email,In-person,"No Response"
4444,444,2025-08-09,Meeting,Email,Completed
4445,444,2025-08-15,"Proposal Follow-up",Phone,Completed
4451,445,2026-04-03,Meeting,Email,Completed
4452,445,2026-04-09,"Proposal Follow-up",Phone,"No Response"
4453,445,2026-04-15,Call,Video,Completed
4454,445,2026-04-21,Demo,In-person,Completed
4461,446,2025-08-21,Demo,In-person,Completed
4462,446,2025-08-23,Email,Email,Completed
4471,447,2026-04-29,"Proposal Follow-up",Video,Completed
4472,447,2026-05-05,Call,In-person,Completed
4473,447,2026-05-07,Demo,Email,Completed
4481,448,2025-09-12,Email,Phone,Completed
4482,448,2025-09-18,Meeting,Video,Completed
4483,448,2025-09-24,"Proposal Follow-up",In-person,"No Response"
4484,448,2025-09-26,Call,Email,Completed
4485,448,2025-10-02,Demo,Phone,Completed
4491,449,2025-01-26,Call,Email,Completed
4492,449,2025-02-01,Demo,Phone,Completed
4493,449,2025-02-07,Email,Video,Completed
4494,449,2025-02-13,Meeting,In-person,Completed
4501,450,2025-10-08,Meeting,In-person,Completed
4502,450,2025-10-10,"Proposal Follow-up",Email,Completed
4503,450,2025-10-16,Call,Phone,Completed
4511,451,2025-10-19,Demo,Video,Completed
4512,451,2025-10-25,Email,In-person,Completed
4513,451,2025-10-27,Meeting,Email,Completed
4514,451,2025-11-02,"Proposal Follow-up",Phone,"No Response"
4515,451,2025-11-08,Call,Video,Completed
4521,452,2025-03-04,"Proposal Follow-up",Phone,Completed
4522,452,2025-03-10,Call,Video,Completed
4523,452,2025-03-16,Demo,In-person,Completed
4524,452,2025-03-18,Email,Email,Completed
4531,453,2025-11-10,Email,Email,Completed
4532,453,2025-11-16,Meeting,Phone,Completed
4533,453,2025-11-22,"Proposal Follow-up",Video,Completed
4534,453,2025-11-28,Call,In-person,Completed
4541,454,2025-03-30,Call,In-person,Completed
4542,454,2025-04-01,Demo,Email,Completed
4543,454,2025-04-07,Email,Phone,Completed
4551,455,2025-12-06,Meeting,Video,"No Response"
4552,455,2025-12-12,"Proposal Follow-up",In-person,Completed
4553,455,2025-12-14,Call,Email,Completed
4554,455,2025-12-20,Demo,Phone,Completed
4561,456,2025-04-21,Demo,Phone,Completed
4562,456,2025-04-27,Email,Video,Completed
4563,456,2025-05-03,Meeting,In-person,Completed
4564,456,2025-05-05,"Proposal Follow-up",Email,Completed
4571,457,2025-12-28,"Proposal Follow-up",Email,Completed
4572,457,2026-01-03,Call,Phone,Completed
4573,457,2026-01-09,Demo,Video,"No Response"
4574,457,2026-01-15,Email,In-person,Completed
4581,458,2025-05-17,Email,In-person,Completed
4582,458,2025-05-19,Meeting,Email,"No Response"
4583,458,2025-05-25,"Proposal Follow-up",Phone,Completed
4584,458,2025-05-31,Call,Video,Completed
4585,458,2025-06-06,Demo,In-person,Completed
4591,459,2026-01-23,Call,Video,Completed
4592,459,2026-01-29,Demo,In-person,Completed
4593,459,2026-01-31,Email,Email,Completed
4594,459,2026-02-06,Meeting,Phone,Completed
4595,459,2026-02-12,"Proposal Follow-up",Video,Completed
4601,460,2025-06-08,Meeting,Phone,Completed
4602,460,2025-06-14,"Proposal Follow-up",Video,Completed
4603,460,2025-06-20,Call,In-person,Completed
4604,460,2025-06-22,Demo,Email,"No Response"
4605,460,2025-06-28,Email,Phone,Completed
4611,461,2026-02-14,Demo,Email,Completed
4612,461,2026-02-20,Email,Phone,Completed
4613,461,2026-02-26,Meeting,Video,"No Response"
4614,461,2026-03-04,"Proposal Follow-up",In-person,Completed
4615,461,2026-03-06,Call,Email,Completed
4621,462,2025-07-04,"Proposal Follow-up",In-person,Completed
4622,462,2025-07-06,Call,Email,Completed
4623,462,2025-07-12,Demo,Phone,Completed
4624,462,2025-07-18,Email,Video,Completed
4625,462,2025-07-24,Meeting,In-person,Completed
4631,463,2026-03-12,Email,Video,Completed
4632,463,2026-03-18,Meeting,In-person,Completed
4633,463,2026-03-20,"Proposal Follow-up",Email,Completed
4634,463,2026-03-26,Call,Phone,Completed
4641,464,2025-07-26,Call,Phone,Completed
4642,464,2025-08-01,Demo,Video,Completed
4643,464,2025-08-07,Email,In-person,Completed
4644,464,2025-08-09,Meeting,Email,"No Response"
4651,465,2025-08-06,Meeting,Email,Completed
4652,465,2025-08-12,"Proposal Follow-up",Phone,Completed
4653,465,2025-08-18,Call,Video,Completed
4654,465,2025-08-24,Demo,In-person,Completed
4661,466,2026-04-18,Demo,In-person,Completed
4662,466,2026-04-20,Email,Email,Completed
4663,466,2026-04-26,Meeting,Phone,Completed
4664,466,2026-05-02,"Proposal Follow-up",Video,Completed
4671,467,2025-09-01,"Proposal Follow-up",Video,Completed
4672,467,2025-09-07,Call,In-person,"No Response"
4673,467,2025-09-09,Demo,Email,Completed
4674,467,2025-09-15,Email,Phone,Completed
4675,467,2025-09-21,Meeting,Video,Completed
4681,468,2025-01-15,Email,Phone,"No Response"
4682,468,2025-01-21,Meeting,Video,Completed
4683,468,2025-01-27,"Proposal Follow-up",In-person,Completed
4684,468,2025-01-29,Call,Email,Completed
4691,469,2025-09-23,Call,Email,Completed
4692,469,2025-09-29,Demo,Phone,Completed
4693,469,2025-10-05,Email,Video,Completed
4694,469,2025-10-11,Meeting,In-person,Completed
4695,469,2025-10-13,"Proposal Follow-up",Email,Completed
4701,470,2025-02-10,Meeting,In-person,Completed
4702,470,2025-02-12,"Proposal Follow-up",Email,Completed
4703,470,2025-02-18,Call,Phone,"No Response"
4704,470,2025-02-24,Demo,Video,Completed
4711,471,2025-10-19,Demo,Video,Completed
4712,471,2025-10-25,Email,In-person,"No Response"
4713,471,2025-10-27,Meeting,Email,Completed
4714,471,2025-11-02,"Proposal Follow-up",Phone,Completed
4715,471,2025-11-08,Call,Video,Completed
4721,472,2025-03-04,"Proposal Follow-up",Phone,Completed
4722,472,2025-03-10,Call,Video,Completed
4731,473,2025-11-10,Email,Email,Completed
4732,473,2025-11-16,Meeting,Phone,Completed
4733,473,2025-11-22,"Proposal Follow-up",Video,Completed
4734,473,2025-11-28,Call,In-person,"No Response"
4741,474,2025-03-30,Call,In-person,Completed
4742,474,2025-04-01,Demo,Email,Completed
4743,474,2025-04-07,Email,Phone,"No Response"
4744,474,2025-04-13,Meeting,Video,Completed
4745,474,2025-04-19,"Proposal Follow-up",In-person,Completed
4751,475,2025-12-06,Meeting,Video,Completed
4752,475,2025-12-12,"Proposal Follow-up",In-person,Completed
4753,475,2025-12-14,Call,Email,Completed
4761,476,2025-04-21,Demo,Phone,Completed
4762,476,2025-04-27,Email,Video,Completed
4763,476,2025-05-03,Meeting,In-person,Completed
4764,476,2025-05-05,"Proposal Follow-up",Email,Completed
4771,477,2025-12-28,"Proposal Follow-up",Email,Completed
4772,477,2026-01-03,Call,Phone,Completed
4773,477,2026-01-09,Demo,Video,Completed
4774,477,2026-01-15,Email,In-person,Completed
4781,478,2025-05-17,Email,In-person,Completed
4782,478,2025-05-19,Meeting,Email,Completed
4783,478,2025-05-25,"Proposal Follow-up",Phone,Completed
4784,478,2025-05-31,Call,Video,Completed
4791,479,2025-05-28,Call,Video,Completed
4792,479,2025-06-03,Demo,In-person,Completed
4793,479,2025-06-05,Email,Email,Completed
4794,479,2025-06-11,Meeting,Phone,Completed
4801,480,2026-02-03,Meeting,Phone,Completed
4802,480,2026-02-09,"Proposal Follow-up",Video,"No Response"
4803,480,2026-02-15,Call,In-person,Completed
4804,480,2026-02-17,Demo,Email,Completed
4811,481,2025-06-19,Demo,Email,"No Response"
4812,481,2025-06-25,Email,Phone,Completed
4813,481,2025-07-01,Meeting,Video,Completed
4814,481,2025-07-07,"Proposal Follow-up",In-person,Completed
4821,482,2026-03-01,"Proposal Follow-up",In-person,Completed
4822,482,2026-03-03,Call,Email,Completed
4823,482,2026-03-09,Demo,Phone,Completed
4824,482,2026-03-15,Email,Video,Completed
4831,483,2025-07-15,Email,Video,Completed
4832,483,2025-07-21,Meeting,In-person,Completed
4833,483,2025-07-23,"Proposal Follow-up",Email,"No Response"
4841,484,2026-03-23,Call,Phone,Completed
4842,484,2026-03-29,Demo,Video,"No Response"
4843,484,2026-04-04,Email,In-person,Completed
4844,484,2026-04-06,Meeting,Email,Completed
4845,484,2026-04-12,"Proposal Follow-up",Phone,Completed
4851,485,2025-08-06,Meeting,Email,Completed
4852,485,2025-08-12,"Proposal Follow-up",Phone,Completed
4853,485,2025-08-18,Call,Video,Completed
4854,485,2025-08-24,Demo,In-person,Completed
4861,486,2026-04-18,Demo,In-person,Completed
4862,486,2026-04-20,Email,Email,Completed
4863,486,2026-04-26,Meeting,Phone,Completed
4871,487,2025-09-01,"Proposal Follow-up",Video,Completed
4872,487,2025-09-07,Call,In-person,Completed
4873,487,2025-09-09,Demo,Email,"No Response"
4874,487,2025-09-15,Email,Phone,Completed
4881,488,2025-01-15,Email,Phone,Completed
4882,488,2025-01-21,Meeting,Video,Completed
4883,488,2025-01-27,"Proposal Follow-up",In-person,Completed
4891,489,2025-09-23,Call,Email,Completed
4892,489,2025-09-29,Demo,Phone,Completed
4893,489,2025-10-05,Email,Video,Completed
4894,489,2025-10-11,Meeting,In-person,Completed
4901,490,2025-02-10,Meeting,In-person,"No Response"
4902,490,2025-02-12,"Proposal Follow-up",Email,Completed
4903,490,2025-02-18,Call,Phone,Completed
4911,491,2025-10-19,Demo,Video,Completed
4912,491,2025-10-25,Email,In-person,Completed
4913,491,2025-10-27,Meeting,Email,Completed
4914,491,2025-11-02,"Proposal Follow-up",Phone,Completed
4921,492,2025-03-04,"Proposal Follow-up",Phone,Completed
4922,492,2025-03-10,Call,Video,Completed
4923,492,2025-03-16,Demo,In-person,Completed
4924,492,2025-03-18,Email,Email,Completed
4931,493,2025-03-15,Email,Email,Completed
4932,493,2025-03-21,Meeting,Phone,"No Response"
4941,494,2025-11-25,Call,In-person,"No Response"
4942,494,2025-11-27,Demo,Email,Completed
4943,494,2025-12-03,Email,Phone,Completed
4944,494,2025-12-09,Meeting,Video,Completed
4951,495,2025-04-10,Meeting,Video,Completed
4952,495,2025-04-16,"Proposal Follow-up",In-person,Completed
4953,495,2025-04-18,Call,Email,Completed
4954,495,2025-04-24,Demo,Phone,Completed
4961,496,2025-12-17,Demo,Phone,Completed
4962,496,2025-12-23,Email,Video,Completed
4963,496,2025-12-29,Meeting,In-person,"No Response"
4964,496,2025-12-31,"Proposal Follow-up",Email,Completed
4971,497,2025-05-02,"Proposal Follow-up",Email,Completed
4972,497,2025-05-08,Call,Phone,"No Response"
4981,498,2026-01-12,Email,In-person,Completed
4982,498,2026-01-14,Meeting,Email,Completed
4991,499,2025-05-28,Call,Video,Completed
4992,499,2025-06-03,Demo,In-person,Completed
4993,499,2025-06-05,Email,Email,Completed
4994,499,2025-06-11,Meeting,Phone,"No Response"
5001,500,2026-02-03,Meeting,Phone,Completed
5002,500,2026-02-09,"Proposal Follow-up",Video,Completed
5011,501,2025-06-19,Demo,Email,Completed
5012,501,2025-06-25,Email,Phone,Completed
5013,501,2025-07-01,Meeting,Video,Completed
5021,502,2026-03-01,"Proposal Follow-up",In-person,Completed
5022,502,2026-03-03,Call,Email,Completed
5023,502,2026-03-09,Demo,Phone,Completed
5024,502,2026-03-15,Email,Video,Completed
5025,502,2026-03-21,Meeting,In-person,"No Response"
5031,503,2025-07-15,Email,Video,"No Response"
5032,503,2025-07-21,Meeting,In-person,Completed
5033,503,2025-07-23,"Proposal Follow-up",Email,Completed
5034,503,2025-07-29,Call,Phone,Completed
5041,504,2026-03-23,Call,Phone,Completed
5042,504,2026-03-29,Demo,Video,Completed
5043,504,2026-04-04,Email,In-person,Completed
5051,505,2025-08-06,Meeting,Email,Completed
5052,505,2025-08-12,"Proposal Follow-up",Phone,Completed
5053,505,2025-08-18,Call,Video,Completed
5054,505,2025-08-24,Demo,In-person,Completed
5055,505,2025-08-26,Email,Email,Completed
5061,506,2026-04-18,Demo,In-person,Completed
5062,506,2026-04-20,Email,Email,"No Response"
5063,506,2026-04-26,Meeting,Phone,Completed
5064,506,2026-05-02,"Proposal Follow-up",Video,Completed
5071,507,2026-04-29,"Proposal Follow-up",Video,"No Response"
5072,507,2026-05-05,Call,In-person,Completed
5073,507,2026-05-07,Demo,Email,Completed
5081,508,2025-09-12,Email,Phone,Completed
5082,508,2025-09-18,Meeting,Video,Completed
5083,508,2025-09-24,"Proposal Follow-up",In-person,Completed
5084,508,2025-09-26,Call,Email,Completed
5091,509,2025-01-26,Call,Email,Completed
5092,509,2025-02-01,Demo,Phone,Completed
5093,509,2025-02-07,Email,Video,"No Response"
5094,509,2025-02-13,Meeting,In-person,Completed
5095,509,2025-02-15,"Proposal Follow-up",Email,Completed
5101,510,2025-10-08,Meeting,In-person,Completed
5102,510,2025-10-10,"Proposal Follow-up",Email,"No Response"
5103,510,2025-10-16,Call,Phone,Completed
5111,511,2025-02-21,Demo,Video,Completed
5112,511,2025-02-27,Email,In-person,Completed
5113,511,2025-03-01,Meeting,Email,Completed
5114,511,2025-03-07,"Proposal Follow-up",Phone,Completed
5121,512,2025-10-30,"Proposal Follow-up",Phone,Completed
5122,512,2025-11-05,Call,Video,Completed
5123,512,2025-11-11,Demo,In-person,Completed
5124,512,2025-11-13,Email,Email,"No Response"
5131,513,2025-03-15,Email,Email,Completed
5132,513,2025-03-21,Meeting,Phone,Completed
5133,513,2025-03-27,"Proposal Follow-up",Video,Completed
5134,513,2025-04-02,Call,In-person,Completed
5135,513,2025-04-04,Demo,Email,Completed
5141,514,2025-11-25,Call,In-person,Completed
5142,514,2025-11-27,Demo,Email,Completed
5143,514,2025-12-03,Email,Phone,Completed
5144,514,2025-12-09,Meeting,Video,Completed
5145,514,2025-12-15,"Proposal Follow-up",In-person,Completed
5151,515,2025-04-10,Meeting,Video,Completed
5152,515,2025-04-16,"Proposal Follow-up",In-person,Completed
5153,515,2025-04-18,Call,Email,Completed
5154,515,2025-04-24,Demo,Phone,Completed
5155,515,2025-04-30,Email,Video,"No Response"
5161,516,2025-12-17,Demo,Phone,"No Response"
5162,516,2025-12-23,Email,Video,Completed
5163,516,2025-12-29,Meeting,In-person,Completed
5164,516,2025-12-31,"Proposal Follow-up",Email,Completed
5165,516,2026-01-06,Call,Phone,Completed
5171,517,2025-05-02,"Proposal Follow-up",Email,Completed
5172,517,2025-05-08,Call,Phone,Completed
5173,517,2025-05-14,Demo,Video,Completed
5174,517,2025-05-20,Email,In-person,Completed
5175,517,2025-05-22,Meeting,Email,Completed
5181,518,2026-01-12,Email,In-person,Completed
5182,518,2026-01-14,Meeting,Email,Completed
5183,518,2026-01-20,"Proposal Follow-up",Phone,Completed
5184,518,2026-01-26,Call,Video,Completed
5191,519,2025-05-28,Call,Video,Completed
5192,519,2025-06-03,Demo,In-person,"No Response"
5193,519,2025-06-05,Email,Email,Completed
5194,519,2025-06-11,Meeting,Phone,Completed
5201,520,2026-02-03,Meeting,Phone,"No Response"
5202,520,2026-02-09,"Proposal Follow-up",Video,Completed
5203,520,2026-02-15,Call,In-person,Completed
5204,520,2026-02-17,Demo,Email,Completed
5211,521,2026-02-14,Demo,Email,Completed
5212,521,2026-02-20,Email,Phone,Completed
5213,521,2026-02-26,Meeting,Video,Completed
5214,521,2026-03-04,"Proposal Follow-up",In-person,"No Response"
5221,522,2025-07-04,"Proposal Follow-up",In-person,Completed
5222,522,2025-07-06,Call,Email,Completed
5223,522,2025-07-12,Demo,Phone,"No Response"
5224,522,2025-07-18,Email,Video,Completed
5225,522,2025-07-24,Meeting,In-person,Completed
5231,523,2026-03-12,Email,Video,Completed
5232,523,2026-03-18,Meeting,In-person,Completed
5233,523,2026-03-20,"Proposal Follow-up",Email,Completed
5234,523,2026-03-26,Call,Phone,Completed
5241,524,2025-07-26,Call,Phone,Completed
5242,524,2025-08-01,Demo,Video,Completed
5243,524,2025-08-07,Email,In-person,Completed
5251,525,2026-04-03,Meeting,Email,Completed
5252,525,2026-04-09,"Proposal Follow-up",Phone,Completed
5253,525,2026-04-15,Call,Video,Completed
5254,525,2026-04-21,Demo,In-person,"No Response"
5261,526,2025-08-21,Demo,In-person,Completed
5262,526,2025-08-23,Email,Email,Completed
5263,526,2025-08-29,Meeting,Phone,Completed
5271,527,2026-04-29,"Proposal Follow-up",Video,Completed
5272,527,2026-05-05,Call,In-person,Completed
5273,527,2026-05-07,Demo,Email,Completed
5274,527,2026-05-13,Email,Phone,Completed
5281,528,2025-09-12,Email,Phone,Completed
5282,528,2025-09-18,Meeting,Video,Completed
5283,528,2025-09-24,"Proposal Follow-up",In-person,Completed
5284,528,2025-09-26,Call,Email,Completed
5285,528,2025-10-02,Demo,Phone,"No Response"
5291,529,2025-01-26,Call,Email,"No Response"
5292,529,2025-02-01,Demo,Phone,Completed
5293,529,2025-02-07,Email,Video,Completed
5301,530,2025-10-08,Meeting,In-person,Completed
5302,530,2025-10-10,"Proposal Follow-up",Email,Completed
5303,530,2025-10-16,Call,Phone,Completed
5304,530,2025-10-22,Demo,Video,Completed
5311,531,2025-02-21,Demo,Video,Completed
5312,531,2025-02-27,Email,In-person,Completed
5313,531,2025-03-01,Meeting,Email,Completed
5314,531,2025-03-07,"Proposal Follow-up",Phone,Completed
5321,532,2025-10-30,"Proposal Follow-up",Phone,Completed
5322,532,2025-11-05,Call,Video,"No Response"
5323,532,2025-11-11,Demo,In-person,Completed
5324,532,2025-11-13,Email,Email,Completed
5331,533,2025-03-15,Email,Email,"No Response"
5332,533,2025-03-21,Meeting,Phone,Completed
5333,533,2025-03-27,"Proposal Follow-up",Video,Completed
5334,533,2025-04-02,Call,In-person,Completed
5341,534,2025-11-25,Call,In-person,Completed
5342,534,2025-11-27,Demo,Email,Completed
5343,534,2025-12-03,Email,Phone,Completed
5344,534,2025-12-09,Meeting,Video,"No Response"
5351,535,2025-12-06,Meeting,Video,Completed
5352,535,2025-12-12,"Proposal Follow-up",In-person,Completed
5353,535,2025-12-14,Call,Email,"No Response"
5354,535,2025-12-20,Demo,Phone,Completed
5355,535,2025-12-26,Email,Video,Completed
5361,536,2025-04-21,Demo,Phone,Completed
5362,536,2025-04-27,Email,Video,Completed
5363,536,2025-05-03,Meeting,In-person,Completed
5364,536,2025-05-05,"Proposal Follow-up",Email,Completed
5365,536,2025-05-11,Call,Phone,Completed
5371,537,2025-12-28,"Proposal Follow-up",Email,Completed
5372,537,2026-01-03,Call,Phone,Completed
5373,537,2026-01-09,Demo,Video,Completed
5374,537,2026-01-15,Email,In-person,Completed
5381,538,2025-05-17,Email,In-person,Completed
5382,538,2025-05-19,Meeting,Email,Completed
5383,538,2025-05-25,"Proposal Follow-up",Phone,Completed
5384,538,2025-05-31,Call,Video,"No Response"
5391,539,2026-01-23,Call,Video,Completed
5392,539,2026-01-29,Demo,In-person,Completed
5393,539,2026-01-31,Email,Email,Completed
5394,539,2026-02-06,Meeting,Phone,Completed
5401,540,2025-06-08,Meeting,Phone,Completed
5402,540,2025-06-14,"Proposal Follow-up",Video,Completed
5403,540,2025-06-20,Call,In-person,Completed
5404,540,2025-06-22,Demo,Email,Completed
5405,540,2025-06-28,Email,Phone,Completed
5411,541,2026-02-14,Demo,Email,Completed
5412,541,2026-02-20,Email,Phone,Completed
5413,541,2026-02-26,Meeting,Video,Completed
5414,541,2026-03-04,"Proposal Follow-up",In-person,Completed
5421,542,2025-07-04,"Proposal Follow-up",In-person,"No Response"
5422,542,2025-07-06,Call,Email,Completed
5423,542,2025-07-12,Demo,Phone,Completed
5431,543,2026-03-12,Email,Video,Completed
5432,543,2026-03-18,Meeting,In-person,Completed
5433,543,2026-03-20,"Proposal Follow-up",Email,Completed
5434,543,2026-03-26,Call,Phone,Completed
5441,544,2025-07-26,Call,Phone,Completed
5442,544,2025-08-01,Demo,Video,Completed
5451,545,2026-04-03,Meeting,Email,Completed
5452,545,2026-04-09,"Proposal Follow-up",Phone,"No Response"
5453,545,2026-04-15,Call,Video,Completed
5454,545,2026-04-21,Demo,In-person,Completed
5461,546,2025-08-21,Demo,In-person,Completed
5462,546,2025-08-23,Email,Email,Completed
5463,546,2025-08-29,Meeting,Phone,Completed
5464,546,2025-09-04,"Proposal Follow-up",Video,Completed
5465,546,2025-09-10,Call,In-person,Completed
5471,547,2026-04-29,"Proposal Follow-up",Video,Completed
5472,547,2026-05-05,Call,In-person,Completed
5473,547,2026-05-07,Demo,Email,Completed
5474,547,2026-05-13,Email,Phone,"No Response"
5481,548,2025-09-12,Email,Phone,Completed
5482,548,2025-09-18,Meeting,Video,Completed
5483,548,2025-09-24,"Proposal Follow-up",In-person,"No Response"
5484,548,2025-09-26,Call,Email,Completed
5491,549,2025-09-23,Call,Email,Completed
5492,549,2025-09-29,Demo,Phone,Completed
5501,550,2025-02-10,Meeting,In-person,Completed
5502,550,2025-02-12,"Proposal Follow-up",Email,Completed
5503,550,2025-02-18,Call,Phone,Completed
5511,551,2025-10-19,Demo,Video,Completed
5512,551,2025-10-25,Email,In-person,Completed
5521,552,2025-03-04,"Proposal Follow-up",Phone,Completed
5522,552,2025-03-10,Call,Video,Completed
5523,552,2025-03-16,Demo,In-person,Completed
5524,552,2025-03-18,Email,Email,Completed
5531,553,2025-11-10,Email,Email,Completed
5532,553,2025-11-16,Meeting,Phone,Completed
5533,553,2025-11-22,"Proposal Follow-up",Video,Completed
5534,553,2025-11-28,Call,In-person,Completed
5541,554,2025-03-30,Call,In-person,Completed
5542,554,2025-04-01,Demo,Email,Completed
5551,555,2025-12-06,Meeting,Video,"No Response"
5552,555,2025-12-12,"Proposal Follow-up",In-person,Completed
5553,555,2025-12-14,Call,Email,Completed
5561,556,2025-04-21,Demo,Phone,Completed
5562,556,2025-04-27,Email,Video,Completed
5563,556,2025-05-03,Meeting,In-person,Completed
5564,556,2025-05-05,"Proposal Follow-up",Email,Completed
5565,556,2025-05-11,Call,Phone,Completed
5571,557,2025-12-28,"Proposal Follow-up",Email,Completed
5572,557,2026-01-03,Call,Phone,Completed
5573,557,2026-01-09,Demo,Video,"No Response"
5574,557,2026-01-15,Email,In-person,Completed
5581,558,2025-05-17,Email,In-person,Completed
5582,558,2025-05-19,Meeting,Email,"No Response"
5583,558,2025-05-25,"Proposal Follow-up",Phone,Completed
5584,558,2025-05-31,Call,Video,Completed
5591,559,2026-01-23,Call,Video,Completed
5592,559,2026-01-29,Demo,In-person,Completed
5593,559,2026-01-31,Email,Email,Completed
5601,560,2025-06-08,Meeting,Phone,Completed
5602,560,2025-06-14,"Proposal Follow-up",Video,Completed
5603,560,2025-06-20,Call,In-person,Completed
5604,560,2025-06-22,Demo,Email,"No Response"
5611,561,2026-02-14,Demo,Email,Completed
5612,561,2026-02-20,Email,Phone,Completed
5613,561,2026-02-26,Meeting,Video,"No Response"
5614,561,2026-03-04,"Proposal Follow-up",In-person,Completed
5621,562,2025-07-04,"Proposal Follow-up",In-person,Completed
5622,562,2025-07-06,Call,Email,Completed
5623,562,2025-07-12,Demo,Phone,Completed
5624,562,2025-07-18,Email,Video,Completed
5631,563,2025-07-15,Email,Video,Completed
5632,563,2025-07-21,Meeting,In-person,Completed
5633,563,2025-07-23,"Proposal Follow-up",Email,Completed
5634,563,2025-07-29,Call,Phone,Completed
5641,564,2026-03-23,Call,Phone,Completed
5642,564,2026-03-29,Demo,Video,Completed
5643,564,2026-04-04,Email,In-person,Completed
5644,564,2026-04-06,Meeting,Email,"No Response"
5645,564,2026-04-12,"Proposal Follow-up",Phone,Completed
5651,565,2025-08-06,Meeting,Email,Completed
5652,565,2025-08-12,"Proposal Follow-up",Phone,Completed
5653,565,2025-08-18,Call,Video,Completed
5661,566,2026-04-18,Demo,In-person,Completed
5662,566,2026-04-20,Email,Email,Completed
5663,566,2026-04-26,Meeting,Phone,Completed
5664,566,2026-05-02,"Proposal Follow-up",Video,Completed
5671,567,2025-09-01,"Proposal Follow-up",Video,Completed
5672,567,2025-09-07,Call,In-person,"No Response"
5673,567,2025-09-09,Demo,Email,Completed
5674,567,2025-09-15,Email,Phone,Completed
5681,568,2025-01-15,Email,Phone,"No Response"
5682,568,2025-01-21,Meeting,Video,Completed
5683,568,2025-01-27,"Proposal Follow-up",In-person,Completed
5684,568,2025-01-29,Call,Email,Completed
5685,568,2025-02-04,Demo,Phone,Completed
5691,569,2025-09-23,Call,Email,Completed
5692,569,2025-09-29,Demo,Phone,Completed
5693,569,2025-10-05,Email,Video,Completed
5694,569,2025-10-11,Meeting,In-person,Completed
5695,569,2025-10-13,"Proposal Follow-up",Email,Completed
5701,570,2025-02-10,Meeting,In-person,Completed
5702,570,2025-02-12,"Proposal Follow-up",Email,Completed
5711,571,2025-10-19,Demo,Video,Completed
5712,571,2025-10-25,Email,In-person,"No Response"
5713,571,2025-10-27,Meeting,Email,Completed
5721,572,2025-03-04,"Proposal Follow-up",Phone,Completed
5722,572,2025-03-10,Call,Video,Completed
5723,572,2025-03-16,Demo,In-person,Completed
5731,573,2025-11-10,Email,Email,Completed
5732,573,2025-11-16,Meeting,Phone,Completed
5733,573,2025-11-22,"Proposal Follow-up",Video,Completed
5734,573,2025-11-28,Call,In-person,"No Response"
5735,573,2025-11-30,Demo,Email,Completed
5741,574,2025-03-30,Call,In-person,Completed
5742,574,2025-04-01,Demo,Email,Completed
5743,574,2025-04-07,Email,Phone,"No Response"
5744,574,2025-04-13,Meeting,Video,Completed
5745,574,2025-04-19,"Proposal Follow-up",In-person,Completed
5751,575,2025-12-06,Meeting,Video,Completed
5752,575,2025-12-12,"Proposal Follow-up",In-person,Completed
5753,575,2025-12-14,Call,Email,Completed
5754,575,2025-12-20,Demo,Phone,Completed
5761,576,2025-04-21,Demo,Phone,Completed
5762,576,2025-04-27,Email,Video,Completed
5763,576,2025-05-03,Meeting,In-person,Completed
5764,576,2025-05-05,"Proposal Follow-up",Email,Completed
5771,577,2025-12-28,"Proposal Follow-up",Email,Completed
5772,577,2026-01-03,Call,Phone,Completed
5773,577,2026-01-09,Demo,Video,Completed
5774,577,2026-01-15,Email,In-person,Completed
5775,577,2026-01-17,Meeting,Email,Completed
5781,578,2026-01-12,Email,In-person,Completed
5782,578,2026-01-14,Meeting,Email,Completed
5783,578,2026-01-20,"Proposal Follow-up",Phone,Completed
5784,578,2026-01-26,Call,Video,Completed
5785,578,2026-02-01,Demo,In-person,Completed
5791,579,2025-05-28,Call,Video,Completed
5792,579,2025-06-03,Demo,In-person,Completed
5793,579,2025-06-05,Email,Email,Completed
5794,579,2025-06-11,Meeting,Phone,Completed
5801,580,2026-02-03,Meeting,Phone,Completed
5802,580,2026-02-09,"Proposal Follow-up",Video,"No Response"
5803,580,2026-02-15,Call,In-person,Completed
5811,581,2025-06-19,Demo,Email,"No Response"
5812,581,2025-06-25,Email,Phone,Completed
5813,581,2025-07-01,Meeting,Video,Completed
5814,581,2025-07-07,"Proposal Follow-up",In-person,Completed
5821,582,2026-03-01,"Proposal Follow-up",In-person,Completed
5822,582,2026-03-03,Call,Email,Completed
5823,582,2026-03-09,Demo,Phone,Completed
5824,582,2026-03-15,Email,Video,Completed
5825,582,2026-03-21,Meeting,In-person,Completed
5831,583,2025-07-15,Email,Video,Completed
5832,583,2025-07-21,Meeting,In-person,Completed
5833,583,2025-07-23,"Proposal Follow-up",Email,"No Response"
5834,583,2025-07-29,Call,Phone,Completed
5841,584,2026-03-23,Call,Phone,Completed
5842,584,2026-03-29,Demo,Video,"No Response"
5843,584,2026-04-04,Email,In-person,Completed
5844,584,2026-04-06,Meeting,Email,Completed
5851,585,2025-08-06,Meeting,Email,Completed
5852,585,2025-08-12,"Proposal Follow-up",Phone,Completed
5853,585,2025-08-18,Call,Video,Completed
5854,585,2025-08-24,Demo,In-person,Completed
5855,585,2025-08-26,Email,Email,Completed
5861,586,2026-04-18,Demo,In-person,Completed
5862,586,2026-04-20,Email,Email,Completed
5863,586,2026-04-26,Meeting,Phone,Completed
5871,587,2025-09-01,"Proposal Follow-up",Video,Completed
5872,587,2025-09-07,Call,In-person,Completed
5873,587,2025-09-09,Demo,Email,"No Response"
5881,588,2025-01-15,Email,Phone,Completed
5882,588,2025-01-21,Meeting,Video,Completed
5891,589,2025-09-23,Call,Email,Completed
5892,589,2025-09-29,Demo,Phone,Completed
5901,590,2025-02-10,Meeting,In-person,"No Response"
5902,590,2025-02-12,"Proposal Follow-up",Email,Completed
5911,591,2025-10-19,Demo,Video,Completed
5912,591,2025-10-25,Email,In-person,Completed
5921,592,2025-10-30,"Proposal Follow-up",Phone,Completed
5922,592,2025-11-05,Call,Video,Completed
5923,592,2025-11-11,Demo,In-person,Completed
5924,592,2025-11-13,Email,Email,Completed
5931,593,2025-03-15,Email,Email,Completed
5932,593,2025-03-21,Meeting,Phone,"No Response"
5933,593,2025-03-27,"Proposal Follow-up",Video,Completed
5941,594,2025-11-25,Call,In-person,"No Response"
5942,594,2025-11-27,Demo,Email,Completed
5943,594,2025-12-03,Email,Phone,Completed
5944,594,2025-12-09,Meeting,Video,Completed
5945,594,2025-12-15,"Proposal Follow-up",In-person,Completed
5951,595,2025-04-10,Meeting,Video,Completed
5952,595,2025-04-16,"Proposal Follow-up",In-person,Completed
5953,595,2025-04-18,Call,Email,Completed
5954,595,2025-04-24,Demo,Phone,Completed
5961,596,2025-12-17,Demo,Phone,Completed
5962,596,2025-12-23,Email,Video,Completed
5963,596,2025-12-29,Meeting,In-person,"No Response"
5964,596,2025-12-31,"Proposal Follow-up",Email,Completed
5971,597,2025-05-02,"Proposal Follow-up",Email,Completed
5972,597,2025-05-08,Call,Phone,"No Response"
5973,597,2025-05-14,Demo,Video,Completed
5974,597,2025-05-20,Email,In-person,Completed
5975,597,2025-05-22,Meeting,Email,Completed
5981,598,2026-01-12,Email,In-person,Completed
5982,598,2026-01-14,Meeting,Email,Completed
5983,598,2026-01-20,"Proposal Follow-up",Phone,Completed
5984,598,2026-01-26,Call,Video,Completed
5991,599,2025-05-28,Call,Video,Completed
5992,599,2025-06-03,Demo,In-person,Completed
5993,599,2025-06-05,Email,Email,Completed
5994,599,2025-06-11,Meeting,Phone,"No Response"
5995,599,2025-06-17,"Proposal Follow-up",Video,Completed
6001,600,2026-02-03,Meeting,Phone,Completed
6002,600,2026-02-09,"Proposal Follow-up",Video,Completed
6003,600,2026-02-15,Call,In-person,Completed
6004,600,2026-02-17,Demo,Email,Completed
6011,601,2025-06-19,Demo,Email,Completed
6012,601,2025-06-25,Email,Phone,Completed
6013,601,2025-07-01,Meeting,Video,Completed
6014,601,2025-07-07,"Proposal Follow-up",In-person,Completed
6015,601,2025-07-09,Call,Email,Completed
6021,602,2026-03-01,"Proposal Follow-up",In-person,Completed
6022,602,2026-03-03,Call,Email,Completed
6023,602,2026-03-09,Demo,Phone,Completed
6031,603,2025-07-15,Email,Video,"No Response"
6032,603,2025-07-21,Meeting,In-person,Completed
6033,603,2025-07-23,"Proposal Follow-up",Email,Completed
6034,603,2025-07-29,Call,Phone,Completed
6041,604,2026-03-23,Call,Phone,Completed
6042,604,2026-03-29,Demo,Video,Completed
6043,604,2026-04-04,Email,In-person,Completed
6044,604,2026-04-06,Meeting,Email,Completed
6051,605,2025-08-06,Meeting,Email,Completed
6052,605,2025-08-12,"Proposal Follow-up",Phone,Completed
6053,605,2025-08-18,Call,Video,Completed
6054,605,2025-08-24,Demo,In-person,Completed
6055,605,2025-08-26,Email,Email,Completed
6061,606,2025-08-21,Demo,In-person,Completed
6062,606,2025-08-23,Email,Email,"No Response"
6063,606,2025-08-29,Meeting,Phone,Completed
6071,607,2026-04-29,"Proposal Follow-up",Video,"No Response"
6072,607,2026-05-05,Call,In-person,Completed
6073,607,2026-05-07,Demo,Email,Completed
6074,607,2026-05-13,Email,Phone,Completed
6081,608,2025-09-12,Email,Phone,Completed
6082,608,2025-09-18,Meeting,Video,Completed
6083,608,2025-09-24,"Proposal Follow-up",In-person,Completed
6084,608,2025-09-26,Call,Email,Completed
6091,609,2025-01-26,Call,Email,Completed
6092,609,2025-02-01,Demo,Phone,Completed
6101,610,2025-10-08,Meeting,In-person,Completed
6102,610,2025-10-10,"Proposal Follow-up",Email,"No Response"
6103,610,2025-10-16,Call,Phone,Completed
6111,611,2025-02-21,Demo,Video,Completed
6112,611,2025-02-27,Email,In-person,Completed
6113,611,2025-03-01,Meeting,Email,Completed
6114,611,2025-03-07,"Proposal Follow-up",Phone,Completed
6115,611,2025-03-13,Call,Video,"No Response"
6121,612,2025-10-30,"Proposal Follow-up",Phone,Completed
6122,612,2025-11-05,Call,Video,Completed
6123,612,2025-11-11,Demo,In-person,Completed
6124,612,2025-11-13,Email,Email,"No Response"
6131,613,2025-03-15,Email,Email,Completed
6132,613,2025-03-21,Meeting,Phone,Completed
6133,613,2025-03-27,"Proposal Follow-up",Video,Completed
6134,613,2025-04-02,Call,In-person,Completed
6141,614,2025-11-25,Call,In-person,Completed
6142,614,2025-11-27,Demo,Email,Completed
6143,614,2025-12-03,Email,Phone,Completed
6151,615,2025-04-10,Meeting,Video,Completed
6152,615,2025-04-16,"Proposal Follow-up",In-person,Completed
6153,615,2025-04-18,Call,Email,Completed
6154,615,2025-04-24,Demo,Phone,Completed
6161,616,2025-12-17,Demo,Phone,"No Response"
6162,616,2025-12-23,Email,Video,Completed
6163,616,2025-12-29,Meeting,In-person,Completed
6164,616,2025-12-31,"Proposal Follow-up",Email,Completed
6171,617,2025-05-02,"Proposal Follow-up",Email,Completed
6172,617,2025-05-08,Call,Phone,Completed
6173,617,2025-05-14,Demo,Video,Completed
6174,617,2025-05-20,Email,In-person,Completed
6175,617,2025-05-22,Meeting,Email,Completed
6181,618,2026-01-12,Email,In-person,Completed
6182,618,2026-01-14,Meeting,Email,Completed
6191,619,2025-05-28,Call,Video,Completed
6192,619,2025-06-03,Demo,In-person,"No Response"
6193,619,2025-06-05,Email,Email,Completed
6194,619,2025-06-11,Meeting,Phone,Completed
6201,620,2025-06-08,Meeting,Phone,"No Response"
6202,620,2025-06-14,"Proposal Follow-up",Video,Completed
6203,620,2025-06-20,Call,In-person,Completed
6204,620,2025-06-22,Demo,Email,Completed
6211,621,2026-02-14,Demo,Email,Completed
6212,621,2026-02-20,Email,Phone,Completed
6213,621,2026-02-26,Meeting,Video,Completed
6214,621,2026-03-04,"Proposal Follow-up",In-person,"No Response"
6221,622,2025-07-04,"Proposal Follow-up",In-person,Completed
6222,622,2025-07-06,Call,Email,Completed
6223,622,2025-07-12,Demo,Phone,"No Response"
6224,622,2025-07-18,Email,Video,Completed
6225,622,2025-07-24,Meeting,In-person,Completed
6231,623,2026-03-12,Email,Video,Completed
6232,623,2026-03-18,Meeting,In-person,Completed
6233,623,2026-03-20,"Proposal Follow-up",Email,Completed
6241,624,2025-07-26,Call,Phone,Completed
6242,624,2025-08-01,Demo,Video,Completed
6251,625,2026-04-03,Meeting,Email,Completed
6252,625,2026-04-09,"Proposal Follow-up",Phone,Completed
6253,625,2026-04-15,Call,Video,Completed
6254,625,2026-04-21,Demo,In-person,"No Response"
6261,626,2025-08-21,Demo,In-person,Completed
6262,626,2025-08-23,Email,Email,Completed
6263,626,2025-08-29,Meeting,Phone,Completed
6264,626,2025-09-04,"Proposal Follow-up",Video,Completed
6271,627,2026-04-29,"Proposal Follow-up",Video,Completed
6272,627,2026-05-05,Call,In-person,Completed
6273,627,2026-05-07,Demo,Email,Completed
6274,627,2026-05-13,Email,Phone,Completed
6281,628,2025-09-12,Email,Phone,Completed
6282,628,2025-09-18,Meeting,Video,Completed
6283,628,2025-09-24,"Proposal Follow-up",In-person,Completed
6284,628,2025-09-26,Call,Email,Completed
6291,629,2025-01-26,Call,Email,"No Response"
6292,629,2025-02-01,Demo,Phone,Completed
6293,629,2025-02-07,Email,Video,Completed
6301,630,2025-10-08,Meeting,In-person,Completed
6302,630,2025-10-10,"Proposal Follow-up",Email,Completed
6303,630,2025-10-16,Call,Phone,Completed
6304,630,2025-10-22,Demo,Video,Completed
6305,630,2025-10-28,Email,In-person,Completed
6311,631,2025-02-21,Demo,Video,Completed
6312,631,2025-02-27,Email,In-person,Completed
6313,631,2025-03-01,Meeting,Email,Completed
6314,631,2025-03-07,"Proposal Follow-up",Phone,Completed
6321,632,2025-10-30,"Proposal Follow-up",Phone,Completed
6322,632,2025-11-05,Call,Video,"No Response"
6323,632,2025-11-11,Demo,In-person,Completed
6324,632,2025-11-13,Email,Email,Completed
6331,633,2025-03-15,Email,Email,"No Response"
6332,633,2025-03-21,Meeting,Phone,Completed
6341,634,2025-03-30,Call,In-person,Completed
6342,634,2025-04-01,Demo,Email,Completed
6343,634,2025-04-07,Email,Phone,Completed
6344,634,2025-04-13,Meeting,Video,"No Response"
6345,634,2025-04-19,"Proposal Follow-up",In-person,Completed
6351,635,2025-12-06,Meeting,Video,Completed
6352,635,2025-12-12,"Proposal Follow-up",In-person,Completed
6353,635,2025-12-14,Call,Email,"No Response"
6354,635,2025-12-20,Demo,Phone,Completed
6361,636,2025-04-21,Demo,Phone,Completed
6362,636,2025-04-27,Email,Video,Completed
6363,636,2025-05-03,Meeting,In-person,Completed
6364,636,2025-05-05,"Proposal Follow-up",Email,Completed
6365,636,2025-05-11,Call,Phone,Completed
6371,637,2025-12-28,"Proposal Follow-up",Email,Completed
6372,637,2026-01-03,Call,Phone,Completed
6373,637,2026-01-09,Demo,Video,Completed
6374,637,2026-01-15,Email,In-person,Completed
6381,638,2025-05-17,Email,In-person,Completed
6382,638,2025-05-19,Meeting,Email,Completed
6383,638,2025-05-25,"Proposal Follow-up",Phone,Completed
6384,638,2025-05-31,Call,Video,"No Response"
6385,638,2025-06-06,Demo,In-person,Completed
6391,639,2026-01-23,Call,Video,Completed
6392,639,2026-01-29,Demo,In-person,Completed
6393,639,2026-01-31,Email,Email,Completed
6401,640,2025-06-08,Meeting,Phone,Completed
6402,640,2025-06-14,"Proposal Follow-up",Video,Completed
6411,641,2026-02-14,Demo,Email,Completed
6412,641,2026-02-20,Email,Phone,Completed
6413,641,2026-02-26,Meeting,Video,Completed
6414,641,2026-03-04,"Proposal Follow-up",In-person,Completed
6421,642,2025-07-04,"Proposal Follow-up",In-person,"No Response"
6422,642,2025-07-06,Call,Email,Completed
6423,642,2025-07-12,Demo,Phone,Completed
6424,642,2025-07-18,Email,Video,Completed
6425,642,2025-07-24,Meeting,In-person,Completed
6431,643,2026-03-12,Email,Video,Completed
6432,643,2026-03-18,Meeting,In-person,Completed
6433,643,2026-03-20,"Proposal Follow-up",Email,Completed
6434,643,2026-03-26,Call,Phone,Completed
6435,643,2026-04-01,Demo,Video,Completed
6441,644,2025-07-26,Call,Phone,Completed
6442,644,2025-08-01,Demo,Video,Completed
6443,644,2025-08-07,Email,In-person,"No Response"
6444,644,2025-08-09,Meeting,Email,Completed
6445,644,2025-08-15,"Proposal Follow-up",Phone,Completed
6451,645,2026-04-03,Meeting,Email,Completed
6452,645,2026-04-09,"Proposal Follow-up",Phone,"No Response"
6453,645,2026-04-15,Call,Video,Completed
6454,645,2026-04-21,Demo,In-person,Completed
6455,645,2026-04-23,Email,Email,Completed
6461,646,2025-08-21,Demo,In-person,Completed
6462,646,2025-08-23,Email,Email,Completed
6463,646,2025-08-29,Meeting,Phone,Completed
6464,646,2025-09-04,"Proposal Follow-up",Video,Completed
6465,646,2025-09-10,Call,In-person,Completed
6471,647,2026-04-29,"Proposal Follow-up",Video,Completed
6472,647,2026-05-05,Call,In-person,Completed
6473,647,2026-05-07,Demo,Email,Completed
6474,647,2026-05-13,Email,Phone,"No Response"
6475,647,2026-05-19,Meeting,Video,Completed
6481,648,2025-01-15,Email,Phone,Completed
6482,648,2025-01-21,Meeting,Video,Completed
6483,648,2025-01-27,"Proposal Follow-up",In-person,"No Response"
6484,648,2025-01-29,Call,Email,Completed
6485,648,2025-02-04,Demo,Phone,Completed
6491,649,2025-09-23,Call,Email,Completed
6492,649,2025-09-29,Demo,Phone,Completed
6493,649,2025-10-05,Email,Video,Completed
6494,649,2025-10-11,Meeting,In-person,Completed
6501,650,2025-02-10,Meeting,In-person,Completed
6502,650,2025-02-12,"Proposal Follow-up",Email,Completed
6503,650,2025-02-18,Call,Phone,Completed
6504,650,2025-02-24,Demo,Video,Completed
6511,651,2025-10-19,Demo,Video,Completed
6512,651,2025-10-25,Email,In-person,Completed
6513,651,2025-10-27,Meeting,Email,Completed
6521,652,2025-03-04,"Proposal Follow-up",Phone,Completed
6522,652,2025-03-10,Call,Video,Completed
6523,652,2025-03-16,Demo,In-person,Completed
6524,652,2025-03-18,Email,Email,Completed
6531,653,2025-11-10,Email,Email,Completed
6532,653,2025-11-16,Meeting,Phone,Completed
6533,653,2025-11-22,"Proposal Follow-up",Video,Completed
6534,653,2025-11-28,Call,In-person,Completed
6541,654,2025-03-30,Call,In-person,Completed
6542,654,2025-04-01,Demo,Email,Completed
6543,654,2025-04-07,Email,Phone,Completed
6544,654,2025-04-13,Meeting,Video,Completed
6545,654,2025-04-19,"Proposal Follow-up",In-person,Completed
6551,655,2025-12-06,Meeting,Video,"No Response"
6552,655,2025-12-12,"Proposal Follow-up",In-person,Completed
6553,655,2025-12-14,Call,Email,Completed
6554,655,2025-12-20,Demo,Phone,Completed
6561,656,2025-04-21,Demo,Phone,Completed
6562,656,2025-04-27,Email,Video,Completed
6563,656,2025-05-03,Meeting,In-person,Completed
6564,656,2025-05-05,"Proposal Follow-up",Email,Completed
6571,657,2025-12-28,"Proposal Follow-up",Email,Completed
6572,657,2026-01-03,Call,Phone,Completed
6573,657,2026-01-09,Demo,Video,"No Response"
6581,658,2025-05-17,Email,In-person,Completed
6582,658,2025-05-19,Meeting,Email,"No Response"
6583,658,2025-05-25,"Proposal Follow-up",Phone,Completed
6584,658,2025-05-31,Call,Video,Completed
6591,659,2026-01-23,Call,Video,Completed
6592,659,2026-01-29,Demo,In-person,Completed
6593,659,2026-01-31,Email,Email,Completed
6594,659,2026-02-06,Meeting,Phone,Completed
6601,660,2025-06-08,Meeting,Phone,Completed
6602,660,2025-06-14,"Proposal Follow-up",Video,Completed
6603,660,2025-06-20,Call,In-person,Completed
6604,660,2025-06-22,Demo,Email,"No Response"
6605,660,2025-06-28,Email,Phone,Completed
6611,661,2026-02-14,Demo,Email,Completed
6612,661,2026-02-20,Email,Phone,Completed
6613,661,2026-02-26,Meeting,Video,"No Response"
6614,661,2026-03-04,"Proposal Follow-up",In-person,Completed
6615,661,2026-03-06,Call,Email,Completed
6621,662,2026-03-01,"Proposal Follow-up",In-person,Completed
6622,662,2026-03-03,Call,Email,Completed
6623,662,2026-03-09,Demo,Phone,Completed
6624,662,2026-03-15,Email,Video,Completed
6631,663,2025-07-15,Email,Video,Completed
6632,663,2025-07-21,Meeting,In-person,Completed
6633,663,2025-07-23,"Proposal Follow-up",Email,Completed
6634,663,2025-07-29,Call,Phone,Completed
6641,664,2026-03-23,Call,Phone,Completed
6642,664,2026-03-29,Demo,Video,Completed
6643,664,2026-04-04,Email,In-person,Completed
6644,664,2026-04-06,Meeting,Email,"No Response"
6651,665,2025-08-06,Meeting,Email,Completed
6652,665,2025-08-12,"Proposal Follow-up",Phone,Completed
6653,665,2025-08-18,Call,Video,Completed
6661,666,2026-04-18,Demo,In-person,Completed
6662,666,2026-04-20,Email,Email,Completed
6663,666,2026-04-26,Meeting,Phone,Completed
6671,667,2025-09-01,"Proposal Follow-up",Video,Completed
6672,667,2025-09-07,Call,In-person,"No Response"
6673,667,2025-09-09,Demo,Email,Completed
6674,667,2025-09-15,Email,Phone,Completed
6675,667,2025-09-21,Meeting,Video,Completed
6681,668,2025-01-15,Email,Phone,"No Response"
6682,668,2025-01-21,Meeting,Video,Completed
6683,668,2025-01-27,"Proposal Follow-up",In-person,Completed
6684,668,2025-01-29,Call,Email,Completed
6691,669,2025-09-23,Call,Email,Completed
6692,669,2025-09-29,Demo,Phone,Completed
6693,669,2025-10-05,Email,Video,Completed
6694,669,2025-10-11,Meeting,In-person,Completed
6701,670,2025-02-10,Meeting,In-person,Completed
6702,670,2025-02-12,"Proposal Follow-up",Email,Completed
6703,670,2025-02-18,Call,Phone,"No Response"
6704,670,2025-02-24,Demo,Video,Completed
6705,670,2025-03-02,Email,In-person,Completed
6711,671,2025-10-19,Demo,Video,Completed
6712,671,2025-10-25,Email,In-person,"No Response"
6713,671,2025-10-27,Meeting,Email,Completed
6714,671,2025-11-02,"Proposal Follow-up",Phone,Completed
6721,672,2025-03-04,"Proposal Follow-up",Phone,Completed
6722,672,2025-03-10,Call,Video,Completed
6723,672,2025-03-16,Demo,In-person,Completed
6731,673,2025-11-10,Email,Email,Completed
6732,673,2025-11-16,Meeting,Phone,Completed
6733,673,2025-11-22,"Proposal Follow-up",Video,Completed
6734,673,2025-11-28,Call,In-person,"No Response"
6741,674,2025-03-30,Call,In-person,Completed
6742,674,2025-04-01,Demo,Email,Completed
6743,674,2025-04-07,Email,Phone,"No Response"
6751,675,2025-12-06,Meeting,Video,Completed
6752,675,2025-12-12,"Proposal Follow-up",In-person,Completed
6753,675,2025-12-14,Call,Email,Completed
6754,675,2025-12-20,Demo,Phone,Completed
6761,676,2025-12-17,Demo,Phone,Completed
6762,676,2025-12-23,Email,Video,Completed
6763,676,2025-12-29,Meeting,In-person,Completed
6771,677,2025-05-02,"Proposal Follow-up",Email,Completed
6772,677,2025-05-08,Call,Phone,Completed
6773,677,2025-05-14,Demo,Video,Completed
6774,677,2025-05-20,Email,In-person,Completed
6781,678,2026-01-12,Email,In-person,Completed
6782,678,2026-01-14,Meeting,Email,Completed
6783,678,2026-01-20,"Proposal Follow-up",Phone,Completed
6784,678,2026-01-26,Call,Video,Completed
6791,679,2025-05-28,Call,Video,Completed
6792,679,2025-06-03,Demo,In-person,Completed
6793,679,2025-06-05,Email,Email,Completed
6794,679,2025-06-11,Meeting,Phone,Completed
6801,680,2026-02-03,Meeting,Phone,Completed
6802,680,2026-02-09,"Proposal Follow-up",Video,"No Response"
6803,680,2026-02-15,Call,In-person,Completed
6804,680,2026-02-17,Demo,Email,Completed
6805,680,2026-02-23,Email,Phone,Completed
6811,681,2025-06-19,Demo,Email,"No Response"
6812,681,2025-06-25,Email,Phone,Completed
6813,681,2025-07-01,Meeting,Video,Completed
6814,681,2025-07-07,"Proposal Follow-up",In-person,Completed
6815,681,2025-07-09,Call,Email,Completed
6821,682,2026-03-01,"Proposal Follow-up",In-person,Completed
6822,682,2026-03-03,Call,Email,Completed
6823,682,2026-03-09,Demo,Phone,Completed
6824,682,2026-03-15,Email,Video,Completed
6825,682,2026-03-21,Meeting,In-person,Completed
6831,683,2025-07-15,Email,Video,Completed
6832,683,2025-07-21,Meeting,In-person,Completed
6833,683,2025-07-23,"Proposal Follow-up",Email,"No Response"
6834,683,2025-07-29,Call,Phone,Completed
6835,683,2025-08-04,Demo,Video,Completed
6841,684,2026-03-23,Call,Phone,Completed
6842,684,2026-03-29,Demo,Video,"No Response"
6843,684,2026-04-04,Email,In-person,Completed
6844,684,2026-04-06,Meeting,Email,Completed
6851,685,2025-08-06,Meeting,Email,Completed
6852,685,2025-08-12,"Proposal Follow-up",Phone,Completed
6853,685,2025-08-18,Call,Video,Completed
6854,685,2025-08-24,Demo,In-person,Completed
6861,686,2026-04-18,Demo,In-person,Completed
6862,686,2026-04-20,Email,Email,Completed
6871,687,2025-09-01,"Proposal Follow-up",Video,Completed
6872,687,2025-09-07,Call,In-person,Completed
6873,687,2025-09-09,Demo,Email,"No Response"
6881,688,2025-01-15,Email,Phone,Completed
6882,688,2025-01-21,Meeting,Video,Completed
6883,688,2025-01-27,"Proposal Follow-up",In-person,Completed
6884,688,2025-01-29,Call,Email,Completed
6891,689,2025-09-23,Call,Email,Completed
6892,689,2025-09-29,Demo,Phone,Completed
6893,689,2025-10-05,Email,Video,Completed
6894,689,2025-10-11,Meeting,In-person,Completed
6901,690,2025-02-10,Meeting,In-person,"No Response"
6902,690,2025-02-12,"Proposal Follow-up",Email,Completed
6903,690,2025-02-18,Call,Phone,Completed
6904,690,2025-02-24,Demo,Video,Completed
6905,690,2025-03-02,Email,In-person,Completed
6911,691,2025-02-21,Demo,Video,Completed
6912,691,2025-02-27,Email,In-person,Completed
6913,691,2025-03-01,Meeting,Email,Completed
6914,691,2025-03-07,"Proposal Follow-up",Phone,Completed
6921,692,2025-10-30,"Proposal Follow-up",Phone,Completed
6922,692,2025-11-05,Call,Video,Completed
6923,692,2025-11-11,Demo,In-person,Completed
6931,693,2025-03-15,Email,Email,Completed
6932,693,2025-03-21,Meeting,Phone,"No Response"
6933,693,2025-03-27,"Proposal Follow-up",Video,Completed
6934,693,2025-04-02,Call,In-person,Completed
6941,694,2025-11-25,Call,In-person,"No Response"
6942,694,2025-11-27,Demo,Email,Completed
6943,694,2025-12-03,Email,Phone,Completed
6944,694,2025-12-09,Meeting,Video,Completed
6945,694,2025-12-15,"Proposal Follow-up",In-person,Completed
6951,695,2025-04-10,Meeting,Video,Completed
6952,695,2025-04-16,"Proposal Follow-up",In-person,Completed
6953,695,2025-04-18,Call,Email,Completed
6961,696,2025-12-17,Demo,Phone,Completed
6962,696,2025-12-23,Email,Video,Completed
6963,696,2025-12-29,Meeting,In-person,"No Response"
6964,696,2025-12-31,"Proposal Follow-up",Email,Completed
6971,697,2025-05-02,"Proposal Follow-up",Email,Completed
6972,697,2025-05-08,Call,Phone,"No Response"
6973,697,2025-05-14,Demo,Video,Completed
6974,697,2025-05-20,Email,In-person,Completed
6981,698,2026-01-12,Email,In-person,Completed
6982,698,2026-01-14,Meeting,Email,Completed
6983,698,2026-01-20,"Proposal Follow-up",Phone,Completed
6984,698,2026-01-26,Call,Video,Completed
6991,699,2025-05-28,Call,Video,Completed
6992,699,2025-06-03,Demo,In-person,Completed
6993,699,2025-06-05,Email,Email,Completed
6994,699,2025-06-11,Meeting,Phone,"No Response"
6995,699,2025-06-17,"Proposal Follow-up",Video,Completed
7001,700,2026-02-03,Meeting,Phone,Completed
7002,700,2026-02-09,"Proposal Follow-up",Video,Completed
7003,700,2026-02-15,Call,In-person,Completed
7004,700,2026-02-17,Demo,Email,Completed
7005,700,2026-02-23,Email,Phone,Completed
7011,701,2025-06-19,Demo,Email,Completed
7012,701,2025-06-25,Email,Phone,Completed
7013,701,2025-07-01,Meeting,Video,Completed
7014,701,2025-07-07,"Proposal Follow-up",In-person,Completed
7015,701,2025-07-09,Call,Email,Completed
7021,702,2026-03-01,"Proposal Follow-up",In-person,Completed
7022,702,2026-03-03,Call,Email,Completed
7023,702,2026-03-09,Demo,Phone,Completed
7024,702,2026-03-15,Email,Video,Completed
7031,703,2025-07-15,Email,Video,"No Response"
7032,703,2025-07-21,Meeting,In-person,Completed
7033,703,2025-07-23,"Proposal Follow-up",Email,Completed
7034,703,2025-07-29,Call,Phone,Completed
7041,704,2026-03-23,Call,Phone,Completed
7042,704,2026-03-29,Demo,Video,Completed
7043,704,2026-04-04,Email,In-person,Completed
7044,704,2026-04-06,Meeting,Email,Completed
7051,705,2026-04-03,Meeting,Email,Completed
7052,705,2026-04-09,"Proposal Follow-up",Phone,Completed
7053,705,2026-04-15,Call,Video,Completed
7054,705,2026-04-21,Demo,In-person,Completed
7061,706,2025-08-21,Demo,In-person,Completed
7062,706,2025-08-23,Email,Email,"No Response"
7063,706,2025-08-29,Meeting,Phone,Completed
7071,707,2026-04-29,"Proposal Follow-up",Video,"No Response"
7072,707,2026-05-05,Call,In-person,Completed
7073,707,2026-05-07,Demo,Email,Completed
7074,707,2026-05-13,Email,Phone,Completed
7081,708,2025-09-12,Email,Phone,Completed
7082,708,2025-09-18,Meeting,Video,Completed
7083,708,2025-09-24,"Proposal Follow-up",In-person,Completed
7084,708,2025-09-26,Call,Email,Completed
7091,709,2025-01-26,Call,Email,Completed
7092,709,2025-02-01,Demo,Phone,Completed
7093,709,2025-02-07,Email,Video,"No Response"
7094,709,2025-02-13,Meeting,In-person,Completed
7095,709,2025-02-15,"Proposal Follow-up",Email,Completed
7101,710,2025-10-08,Meeting,In-person,Completed
7102,710,2025-10-10,"Proposal Follow-up",Email,"No Response"
7111,711,2025-02-21,Demo,Video,Completed
7112,711,2025-02-27,Email,In-person,Completed
7113,711,2025-03-01,Meeting,Email,Completed
7114,711,2025-03-07,"Proposal Follow-up",Phone,Completed
7115,711,2025-03-13,Call,Video,"No Response"
7121,712,2025-10-30,"Proposal Follow-up",Phone,Completed
7122,712,2025-11-05,Call,Video,Completed
7123,712,2025-11-11,Demo,In-person,Completed
7131,713,2025-03-15,Email,Email,Completed
7132,713,2025-03-21,Meeting,Phone,Completed
7133,713,2025-03-27,"Proposal Follow-up",Video,Completed
7134,713,2025-04-02,Call,In-person,Completed
7141,714,2025-11-25,Call,In-person,Completed
7142,714,2025-11-27,Demo,Email,Completed
7143,714,2025-12-03,Email,Phone,Completed
7144,714,2025-12-09,Meeting,Video,Completed
7145,714,2025-12-15,"Proposal Follow-up",In-person,Completed
7151,715,2025-04-10,Meeting,Video,Completed
7152,715,2025-04-16,"Proposal Follow-up",In-person,Completed
7153,715,2025-04-18,Call,Email,Completed
7154,715,2025-04-24,Demo,Phone,Completed
7155,715,2025-04-30,Email,Video,"No Response"
7161,716,2025-12-17,Demo,Phone,"No Response"
7162,716,2025-12-23,Email,Video,Completed
7163,716,2025-12-29,Meeting,In-person,Completed
7171,717,2025-05-02,"Proposal Follow-up",Email,Completed
7172,717,2025-05-08,Call,Phone,Completed
7173,717,2025-05-14,Demo,Video,Completed
7174,717,2025-05-20,Email,In-person,Completed
7181,718,2026-01-12,Email,In-person,Completed
7182,718,2026-01-14,Meeting,Email,Completed
7183,718,2026-01-20,"Proposal Follow-up",Phone,Completed
7184,718,2026-01-26,Call,Video,Completed
7191,719,2026-01-23,Call,Video,Completed
7192,719,2026-01-29,Demo,In-person,"No Response"
7201,720,2025-06-08,Meeting,Phone,"No Response"
7202,720,2025-06-14,"Proposal Follow-up",Video,Completed
7203,720,2025-06-20,Call,In-person,Completed
7204,720,2025-06-22,Demo,Email,Completed
7211,721,2026-02-14,Demo,Email,Completed
7212,721,2026-02-20,Email,Phone,Completed
7213,721,2026-02-26,Meeting,Video,Completed
7214,721,2026-03-04,"Proposal Follow-up",In-person,"No Response"
7221,722,2025-07-04,"Proposal Follow-up",In-person,Completed
7222,722,2025-07-06,Call,Email,Completed
7231,723,2026-03-12,Email,Video,Completed
7232,723,2026-03-18,Meeting,In-person,Completed
7233,723,2026-03-20,"Proposal Follow-up",Email,Completed
7234,723,2026-03-26,Call,Phone,Completed
7235,723,2026-04-01,Demo,Video,Completed
7241,724,2025-07-26,Call,Phone,Completed
7242,724,2025-08-01,Demo,Video,Completed
7243,724,2025-08-07,Email,In-person,Completed
7244,724,2025-08-09,Meeting,Email,Completed
7251,725,2026-04-03,Meeting,Email,Completed
7252,725,2026-04-09,"Proposal Follow-up",Phone,Completed
7253,725,2026-04-15,Call,Video,Completed
7254,725,2026-04-21,Demo,In-person,"No Response"
7261,726,2025-08-21,Demo,In-person,Completed
7262,726,2025-08-23,Email,Email,Completed
7263,726,2025-08-29,Meeting,Phone,Completed
7264,726,2025-09-04,"Proposal Follow-up",Video,Completed
7265,726,2025-09-10,Call,In-person,Completed
7271,727,2026-04-29,"Proposal Follow-up",Video,Completed
7272,727,2026-05-05,Call,In-person,Completed
7273,727,2026-05-07,Demo,Email,Completed
7274,727,2026-05-13,Email,Phone,Completed
7281,728,2025-09-12,Email,Phone,Completed
7282,728,2025-09-18,Meeting,Video,Completed
7283,728,2025-09-24,"Proposal Follow-up",In-person,Completed
7291,729,2025-01-26,Call,Email,"No Response"
7292,729,2025-02-01,Demo,Phone,Completed
7293,729,2025-02-07,Email,Video,Completed
7294,729,2025-02-13,Meeting,In-person,Completed
7301,730,2025-10-08,Meeting,In-person,Completed
7302,730,2025-10-10,"Proposal Follow-up",Email,Completed
7303,730,2025-10-16,Call,Phone,Completed
7304,730,2025-10-22,Demo,Video,Completed
7305,730,2025-10-28,Email,In-person,Completed
7311,731,2025-02-21,Demo,Video,Completed
7312,731,2025-02-27,Email,In-person,Completed
7313,731,2025-03-01,Meeting,Email,Completed
7314,731,2025-03-07,"Proposal Follow-up",Phone,Completed
7321,732,2025-10-30,"Proposal Follow-up",Phone,Completed
7322,732,2025-11-05,Call,Video,"No Response"
7323,732,2025-11-11,Demo,In-person,Completed
7324,732,2025-11-13,Email,Email,Completed
7331,733,2025-11-10,Email,Email,"No Response"
7332,733,2025-11-16,Meeting,Phone,Completed
7341,734,2025-03-30,Call,In-person,Completed
7342,734,2025-04-01,Demo,Email,Completed
7343,734,2025-04-07,Email,Phone,Completed
7344,734,2025-04-13,Meeting,Video,"No Response"
7351,735,2025-12-06,Meeting,Video,Completed
7352,735,2025-12-12,"Proposal Follow-up",In-person,Completed
7361,736,2025-04-21,Demo,Phone,Completed
7362,736,2025-04-27,Email,Video,Completed
7363,736,2025-05-03,Meeting,In-person,Completed
7364,736,2025-05-05,"Proposal Follow-up",Email,Completed
7371,737,2025-12-28,"Proposal Follow-up",Email,Completed
7372,737,2026-01-03,Call,Phone,Completed
7381,738,2025-05-17,Email,In-person,Completed
7382,738,2025-05-19,Meeting,Email,Completed
7383,738,2025-05-25,"Proposal Follow-up",Phone,Completed
7384,738,2025-05-31,Call,Video,"No Response"
7391,739,2026-01-23,Call,Video,Completed
7392,739,2026-01-29,Demo,In-person,Completed
7393,739,2026-01-31,Email,Email,Completed
7394,739,2026-02-06,Meeting,Phone,Completed
7401,740,2025-06-08,Meeting,Phone,Completed
7402,740,2025-06-14,"Proposal Follow-up",Video,Completed
7403,740,2025-06-20,Call,In-person,Completed
7404,740,2025-06-22,Demo,Email,Completed
7411,741,2026-02-14,Demo,Email,Completed
7412,741,2026-02-20,Email,Phone,Completed
7413,741,2026-02-26,Meeting,Video,Completed
7414,741,2026-03-04,"Proposal Follow-up",In-person,Completed
7415,741,2026-03-06,Call,Email,"No Response"
7421,742,2025-07-04,"Proposal Follow-up",In-person,"No Response"
7422,742,2025-07-06,Call,Email,Completed
7423,742,2025-07-12,Demo,Phone,Completed
7424,742,2025-07-18,Email,Video,Completed
7425,742,2025-07-24,Meeting,In-person,Completed
7431,743,2026-03-12,Email,Video,Completed
7432,743,2026-03-18,Meeting,In-person,Completed
7433,743,2026-03-20,"Proposal Follow-up",Email,Completed
7434,743,2026-03-26,Call,Phone,Completed
7441,744,2025-07-26,Call,Phone,Completed
7442,744,2025-08-01,Demo,Video,Completed
7443,744,2025-08-07,Email,In-person,"No Response"
7451,745,2026-04-03,Meeting,Email,Completed
7452,745,2026-04-09,"Proposal Follow-up",Phone,"No Response"
7453,745,2026-04-15,Call,Video,Completed
7454,745,2026-04-21,Demo,In-person,Completed
7461,746,2025-08-21,Demo,In-person,Completed
7462,746,2025-08-23,Email,Email,Completed
7463,746,2025-08-29,Meeting,Phone,Completed
7464,746,2025-09-04,"Proposal Follow-up",Video,Completed
7471,747,2025-09-01,"Proposal Follow-up",Video,Completed
7472,747,2025-09-07,Call,In-person,Completed
7473,747,2025-09-09,Demo,Email,Completed
7474,747,2025-09-15,Email,Phone,"No Response"
7475,747,2025-09-21,Meeting,Video,Completed
7481,748,2025-01-15,Email,Phone,Completed
7482,748,2025-01-21,Meeting,Video,Completed
7483,748,2025-01-27,"Proposal Follow-up",In-person,"No Response"
7484,748,2025-01-29,Call,Email,Completed
7491,749,2025-09-23,Call,Email,Completed
7492,749,2025-09-29,Demo,Phone,Completed
7493,749,2025-10-05,Email,Video,Completed
7494,749,2025-10-11,Meeting,In-person,Completed
7495,749,2025-10-13,"Proposal Follow-up",Email,Completed
7501,750,2025-02-10,Meeting,In-person,Completed
7502,750,2025-02-12,"Proposal Follow-up",Email,Completed
7503,750,2025-02-18,Call,Phone,Completed
7511,751,2025-10-19,Demo,Video,Completed
7512,751,2025-10-25,Email,In-person,Completed
7513,751,2025-10-27,Meeting,Email,Completed
7514,751,2025-11-02,"Proposal Follow-up",Phone,"No Response"
7521,752,2025-03-04,"Proposal Follow-up",Phone,Completed
7522,752,2025-03-10,Call,Video,Completed
7531,753,2025-11-10,Email,Email,Completed
7532,753,2025-11-16,Meeting,Phone,Completed
7533,753,2025-11-22,"Proposal Follow-up",Video,Completed
7534,753,2025-11-28,Call,In-person,Completed
7541,754,2025-03-30,Call,In-person,Completed
7542,754,2025-04-01,Demo,Email,Completed
7543,754,2025-04-07,Email,Phone,Completed
7544,754,2025-04-13,Meeting,Video,Completed
7545,754,2025-04-19,"Proposal Follow-up",In-person,Completed
7551,755,2025-12-06,Meeting,Video,"No Response"
7552,755,2025-12-12,"Proposal Follow-up",In-person,Completed
7553,755,2025-12-14,Call,Email,Completed
7554,755,2025-12-20,Demo,Phone,Completed
7555,755,2025-12-26,Email,Video,Completed
7561,756,2025-04-21,Demo,Phone,Completed
7562,756,2025-04-27,Email,Video,Completed
7563,756,2025-05-03,Meeting,In-person,Completed
7564,756,2025-05-05,"Proposal Follow-up",Email,Completed
7565,756,2025-05-11,Call,Phone,Completed
7571,757,2025-12-28,"Proposal Follow-up",Email,Completed
7572,757,2026-01-03,Call,Phone,Completed
7573,757,2026-01-09,Demo,Video,"No Response"
7574,757,2026-01-15,Email,In-person,Completed
7575,757,2026-01-17,Meeting,Email,Completed
7581,758,2025-05-17,Email,In-person,Completed
7582,758,2025-05-19,Meeting,Email,"No Response"
7583,758,2025-05-25,"Proposal Follow-up",Phone,Completed
7584,758,2025-05-31,Call,Video,Completed
7591,759,2026-01-23,Call,Video,Completed
7592,759,2026-01-29,Demo,In-person,Completed
7593,759,2026-01-31,Email,Email,Completed
7594,759,2026-02-06,Meeting,Phone,Completed
7601,760,2025-06-08,Meeting,Phone,Completed
7602,760,2025-06-14,"Proposal Follow-up",Video,Completed
7603,760,2025-06-20,Call,In-person,Completed
7604,760,2025-06-22,Demo,Email,"No Response"
7611,761,2025-06-19,Demo,Email,Completed
7612,761,2025-06-25,Email,Phone,Completed
7613,761,2025-07-01,Meeting,Video,"No Response"
7614,761,2025-07-07,"Proposal Follow-up",In-person,Completed
7621,762,2026-03-01,"Proposal Follow-up",In-person,Completed
7622,762,2026-03-03,Call,Email,Completed
7623,762,2026-03-09,Demo,Phone,Completed
7624,762,2026-03-15,Email,Video,Completed
7625,762,2026-03-21,Meeting,In-person,Completed
7631,763,2025-07-15,Email,Video,Completed
7632,763,2025-07-21,Meeting,In-person,Completed
7641,764,2026-03-23,Call,Phone,Completed
7642,764,2026-03-29,Demo,Video,Completed
7643,764,2026-04-04,Email,In-person,Completed
7651,765,2025-08-06,Meeting,Email,Completed
7652,765,2025-08-12,"Proposal Follow-up",Phone,Completed
7653,765,2025-08-18,Call,Video,Completed
7654,765,2025-08-24,Demo,In-person,Completed
7661,766,2026-04-18,Demo,In-person,Completed
7662,766,2026-04-20,Email,Email,Completed
7663,766,2026-04-26,Meeting,Phone,Completed
7671,767,2025-09-01,"Proposal Follow-up",Video,Completed
7672,767,2025-09-07,Call,In-person,"No Response"
7673,767,2025-09-09,Demo,Email,Completed
7674,767,2025-09-15,Email,Phone,Completed
7681,768,2025-01-15,Email,Phone,"No Response"
7682,768,2025-01-21,Meeting,Video,Completed
7683,768,2025-01-27,"Proposal Follow-up",In-person,Completed
7684,768,2025-01-29,Call,Email,Completed
7685,768,2025-02-04,Demo,Phone,Completed
7691,769,2025-09-23,Call,Email,Completed
7692,769,2025-09-29,Demo,Phone,Completed
7693,769,2025-10-05,Email,Video,Completed
7701,770,2025-02-10,Meeting,In-person,Completed
7702,770,2025-02-12,"Proposal Follow-up",Email,Completed
7703,770,2025-02-18,Call,Phone,"No Response"
7704,770,2025-02-24,Demo,Video,Completed
7711,771,2025-10-19,Demo,Video,Completed
7712,771,2025-10-25,Email,In-person,"No Response"
7713,771,2025-10-27,Meeting,Email,Completed
7714,771,2025-11-02,"Proposal Follow-up",Phone,Completed
7721,772,2025-03-04,"Proposal Follow-up",Phone,Completed
7722,772,2025-03-10,Call,Video,Completed
7723,772,2025-03-16,Demo,In-person,Completed
7724,772,2025-03-18,Email,Email,Completed
7731,773,2025-11-10,Email,Email,Completed
7732,773,2025-11-16,Meeting,Phone,Completed
7733,773,2025-11-22,"Proposal Follow-up",Video,Completed
7734,773,2025-11-28,Call,In-person,"No Response"
7741,774,2025-03-30,Call,In-person,Completed
7742,774,2025-04-01,Demo,Email,Completed
7743,774,2025-04-07,Email,Phone,"No Response"
7744,774,2025-04-13,Meeting,Video,Completed
7751,775,2025-04-10,Meeting,Video,Completed
7752,775,2025-04-16,"Proposal Follow-up",In-person,Completed
7753,775,2025-04-18,Call,Email,Completed
7754,775,2025-04-24,Demo,Phone,Completed
7755,775,2025-04-30,Email,Video,Completed
7761,776,2025-12-17,Demo,Phone,Completed
7762,776,2025-12-23,Email,Video,Completed
7763,776,2025-12-29,Meeting,In-person,Completed
7764,776,2025-12-31,"Proposal Follow-up",Email,Completed
7765,776,2026-01-06,Call,Phone,"No Response"
7771,777,2025-05-02,"Proposal Follow-up",Email,Completed
7772,777,2025-05-08,Call,Phone,Completed
7773,777,2025-05-14,Demo,Video,Completed
7774,777,2025-05-20,Email,In-person,Completed
7781,778,2026-01-12,Email,In-person,Completed
7782,778,2026-01-14,Meeting,Email,Completed
7783,778,2026-01-20,"Proposal Follow-up",Phone,Completed
7784,778,2026-01-26,Call,Video,Completed
7791,779,2025-05-28,Call,Video,Completed
7792,779,2025-06-03,Demo,In-person,Completed
7793,779,2025-06-05,Email,Email,Completed
7794,779,2025-06-11,Meeting,Phone,Completed
7801,780,2026-02-03,Meeting,Phone,Completed
7802,780,2026-02-09,"Proposal Follow-up",Video,"No Response"
7803,780,2026-02-15,Call,In-person,Completed
7804,780,2026-02-17,Demo,Email,Completed
7805,780,2026-02-23,Email,Phone,Completed
7811,781,2025-06-19,Demo,Email,"No Response"
7812,781,2025-06-25,Email,Phone,Completed
7813,781,2025-07-01,Meeting,Video,Completed
7814,781,2025-07-07,"Proposal Follow-up",In-person,Completed
7821,782,2026-03-01,"Proposal Follow-up",In-person,Completed
7822,782,2026-03-03,Call,Email,Completed
7831,783,2025-07-15,Email,Video,Completed
7832,783,2025-07-21,Meeting,In-person,Completed
7833,783,2025-07-23,"Proposal Follow-up",Email,"No Response"
7834,783,2025-07-29,Call,Phone,Completed
7841,784,2026-03-23,Call,Phone,Completed
7842,784,2026-03-29,Demo,Video,"No Response"
7851,785,2025-08-06,Meeting,Email,Completed
7852,785,2025-08-12,"Proposal Follow-up",Phone,Completed
7853,785,2025-08-18,Call,Video,Completed
7854,785,2025-08-24,Demo,In-person,Completed
7861,786,2026-04-18,Demo,In-person,Completed
7862,786,2026-04-20,Email,Email,Completed
7863,786,2026-04-26,Meeting,Phone,Completed
7864,786,2026-05-02,"Proposal Follow-up",Video,"No Response"
7865,786,2026-05-08,Call,In-person,Completed
7871,787,2025-09-01,"Proposal Follow-up",Video,Completed
7872,787,2025-09-07,Call,In-person,Completed
7873,787,2025-09-09,Demo,Email,"No Response"
7874,787,2025-09-15,Email,Phone,Completed
7881,788,2025-01-15,Email,Phone,Completed
7882,788,2025-01-21,Meeting,Video,Completed
7883,788,2025-01-27,"Proposal Follow-up",In-person,Completed
7884,788,2025-01-29,Call,Email,Completed
7891,789,2025-01-26,Call,Email,Completed
7892,789,2025-02-01,Demo,Phone,Completed
7893,789,2025-02-07,Email,Video,Completed
7894,789,2025-02-13,Meeting,In-person,Completed
7895,789,2025-02-15,"Proposal Follow-up",Email,"No Response"
7901,790,2025-10-08,Meeting,In-person,"No Response"
7902,790,2025-10-10,"Proposal Follow-up",Email,Completed
7911,791,2025-02-21,Demo,Video,Completed
7912,791,2025-02-27,Email,In-person,Completed
7921,792,2025-10-30,"Proposal Follow-up",Phone,Completed
7922,792,2025-11-05,Call,Video,Completed
7923,792,2025-11-11,Demo,In-person,Completed
7924,792,2025-11-13,Email,Email,Completed
7931,793,2025-03-15,Email,Email,Completed
7932,793,2025-03-21,Meeting,Phone,"No Response"
7933,793,2025-03-27,"Proposal Follow-up",Video,Completed
7934,793,2025-04-02,Call,In-person,Completed
7941,794,2025-11-25,Call,In-person,"No Response"
7942,794,2025-11-27,Demo,Email,Completed
7943,794,2025-12-03,Email,Phone,Completed
7951,795,2025-04-10,Meeting,Video,Completed
7952,795,2025-04-16,"Proposal Follow-up",In-person,Completed
7953,795,2025-04-18,Call,Email,Completed
7961,796,2025-12-17,Demo,Phone,Completed
7962,796,2025-12-23,Email,Video,Completed
7963,796,2025-12-29,Meeting,In-person,"No Response"
7964,796,2025-12-31,"Proposal Follow-up",Email,Completed
7965,796,2026-01-06,Call,Phone,Completed
7971,797,2025-05-02,"Proposal Follow-up",Email,Completed
7972,797,2025-05-08,Call,Phone,"No Response"
7973,797,2025-05-14,Demo,Video,Completed
7974,797,2025-05-20,Email,In-person,Completed
7981,798,2026-01-12,Email,In-person,Completed
7982,798,2026-01-14,Meeting,Email,Completed
7983,798,2026-01-20,"Proposal Follow-up",Phone,Completed
7984,798,2026-01-26,Call,Video,Completed
7991,799,2025-05-28,Call,Video,Completed
7992,799,2025-06-03,Demo,In-person,Completed
7993,799,2025-06-05,Email,Email,Completed
8001,800,2026-02-03,Meeting,Phone,Completed
8002,800,2026-02-09,"Proposal Follow-up",Video,Completed
8003,800,2026-02-15,Call,In-person,Completed
8004,800,2026-02-17,Demo,Email,Completed
8011,801,2025-06-19,Demo,Email,Completed
8012,801,2025-06-25,Email,Phone,Completed
8013,801,2025-07-01,Meeting,Video,Completed
8014,801,2025-07-07,"Proposal Follow-up",In-person,Completed
8021,802,2026-03-01,"Proposal Follow-up",In-person,Completed
8022,802,2026-03-03,Call,Email,Completed
8023,802,2026-03-09,Demo,Phone,Completed
8024,802,2026-03-15,Email,Video,Completed
8031,803,2026-03-12,Email,Video,"No Response"
8032,803,2026-03-18,Meeting,In-person,Completed
8033,803,2026-03-20,"Proposal Follow-up",Email,Completed
8034,803,2026-03-26,Call,Phone,Completed
8041,804,2025-07-26,Call,Phone,Completed
8042,804,2025-08-01,Demo,Video,Completed
8043,804,2025-08-07,Email,In-person,Completed
8044,804,2025-08-09,Meeting,Email,Completed
8045,804,2025-08-15,"Proposal Follow-up",Phone,Completed
8051,805,2026-04-03,Meeting,Email,Completed
8052,805,2026-04-09,"Proposal Follow-up",Phone,Completed
8053,805,2026-04-15,Call,Video,Completed
8061,806,2025-08-21,Demo,In-person,Completed
8062,806,2025-08-23,Email,Email,"No Response"
8063,806,2025-08-29,Meeting,Phone,Completed
8064,806,2025-09-04,"Proposal Follow-up",Video,Completed
8071,807,2026-04-29,"Proposal Follow-up",Video,"No Response"
8072,807,2026-05-05,Call,In-person,Completed
8073,807,2026-05-07,Demo,Email,Completed
8074,807,2026-05-13,Email,Phone,Completed
8081,808,2025-09-12,Email,Phone,Completed
8082,808,2025-09-18,Meeting,Video,Completed
8083,808,2025-09-24,"Proposal Follow-up",In-person,Completed
8084,808,2025-09-26,Call,Email,Completed
8085,808,2025-10-02,Demo,Phone,Completed
8091,809,2025-01-26,Call,Email,Completed
8092,809,2025-02-01,Demo,Phone,Completed
8093,809,2025-02-07,Email,Video,"No Response"
8094,809,2025-02-13,Meeting,In-person,Completed
8095,809,2025-02-15,"Proposal Follow-up",Email,Completed
8101,810,2025-10-08,Meeting,In-person,Completed
8102,810,2025-10-10,"Proposal Follow-up",Email,"No Response"
8103,810,2025-10-16,Call,Phone,Completed
8111,811,2025-02-21,Demo,Video,Completed
8112,811,2025-02-27,Email,In-person,Completed
8121,812,2025-10-30,"Proposal Follow-up",Phone,Completed
8122,812,2025-11-05,Call,Video,Completed
8123,812,2025-11-11,Demo,In-person,Completed
8124,812,2025-11-13,Email,Email,"No Response"
8125,812,2025-11-19,Meeting,Phone,Completed
8131,813,2025-03-15,Email,Email,Completed
8132,813,2025-03-21,Meeting,Phone,Completed
8133,813,2025-03-27,"Proposal Follow-up",Video,Completed
8134,813,2025-04-02,Call,In-person,Completed
8135,813,2025-04-04,Demo,Email,Completed
8141,814,2025-11-25,Call,In-person,Completed
8142,814,2025-11-27,Demo,Email,Completed
8143,814,2025-12-03,Email,Phone,Completed
8144,814,2025-12-09,Meeting,Video,Completed
8151,815,2025-04-10,Meeting,Video,Completed
8152,815,2025-04-16,"Proposal Follow-up",In-person,Completed
8153,815,2025-04-18,Call,Email,Completed
8154,815,2025-04-24,Demo,Phone,Completed
8161,816,2025-12-17,Demo,Phone,"No Response"
8162,816,2025-12-23,Email,Video,Completed
8171,817,2025-05-02,"Proposal Follow-up",Email,Completed
8172,817,2025-05-08,Call,Phone,Completed
8173,817,2025-05-14,Demo,Video,Completed
8174,817,2025-05-20,Email,In-person,Completed
8175,817,2025-05-22,Meeting,Email,Completed
8181,818,2025-05-17,Email,In-person,Completed
8182,818,2025-05-19,Meeting,Email,Completed
8183,818,2025-05-25,"Proposal Follow-up",Phone,Completed
8184,818,2025-05-31,Call,Video,Completed
8185,818,2025-06-06,Demo,In-person,Completed
8191,819,2026-01-23,Call,Video,Completed
8192,819,2026-01-29,Demo,In-person,"No Response"
8193,819,2026-01-31,Email,Email,Completed
8194,819,2026-02-06,Meeting,Phone,Completed
8201,820,2025-06-08,Meeting,Phone,"No Response"
8202,820,2025-06-14,"Proposal Follow-up",Video,Completed
8203,820,2025-06-20,Call,In-person,Completed
8204,820,2025-06-22,Demo,Email,Completed
8205,820,2025-06-28,Email,Phone,Completed
8211,821,2026-02-14,Demo,Email,Completed
8212,821,2026-02-20,Email,Phone,Completed
8221,822,2025-07-04,"Proposal Follow-up",In-person,Completed
8222,822,2025-07-06,Call,Email,Completed
8223,822,2025-07-12,Demo,Phone,"No Response"
8224,822,2025-07-18,Email,Video,Completed
8225,822,2025-07-24,Meeting,In-person,Completed
8231,823,2026-03-12,Email,Video,Completed
8232,823,2026-03-18,Meeting,In-person,Completed
8233,823,2026-03-20,"Proposal Follow-up",Email,Completed
8234,823,2026-03-26,Call,Phone,Completed
8241,824,2025-07-26,Call,Phone,Completed
8242,824,2025-08-01,Demo,Video,Completed
8251,825,2026-04-03,Meeting,Email,Completed
8252,825,2026-04-09,"Proposal Follow-up",Phone,Completed
8253,825,2026-04-15,Call,Video,Completed
8254,825,2026-04-21,Demo,In-person,"No Response"
8255,825,2026-04-23,Email,Email,Completed
8261,826,2025-08-21,Demo,In-person,Completed
8262,826,2025-08-23,Email,Email,Completed
8263,826,2025-08-29,Meeting,Phone,Completed
8264,826,2025-09-04,"Proposal Follow-up",Video,Completed
8265,826,2025-09-10,Call,In-person,Completed
8271,827,2026-04-29,"Proposal Follow-up",Video,Completed
8272,827,2026-05-05,Call,In-person,Completed
8273,827,2026-05-07,Demo,Email,Completed
8281,828,2025-09-12,Email,Phone,Completed
8282,828,2025-09-18,Meeting,Video,Completed
8291,829,2025-01-26,Call,Email,"No Response"
8292,829,2025-02-01,Demo,Phone,Completed
8293,829,2025-02-07,Email,Video,Completed
8294,829,2025-02-13,Meeting,In-person,Completed
8301,830,2025-10-08,Meeting,In-person,Completed
8302,830,2025-10-10,"Proposal Follow-up",Email,Completed
8311,831,2025-02-21,Demo,Video,Completed
8312,831,2025-02-27,Email,In-person,Completed
8313,831,2025-03-01,Meeting,Email,Completed
8321,832,2025-03-04,"Proposal Follow-up",Phone,Completed
8322,832,2025-03-10,Call,Video,"No Response"
8323,832,2025-03-16,Demo,In-person,Completed
8324,832,2025-03-18,Email,Email,Completed
8331,833,2025-11-10,Email,Email,"No Response"
8332,833,2025-11-16,Meeting,Phone,Completed
8341,834,2025-03-30,Call,In-person,Completed
8342,834,2025-04-01,Demo,Email,Completed
8343,834,2025-04-07,Email,Phone,Completed
8344,834,2025-04-13,Meeting,Video,"No Response"
8345,834,2025-04-19,"Proposal Follow-up",In-person,Completed
8351,835,2025-12-06,Meeting,Video,Completed
8352,835,2025-12-12,"Proposal Follow-up",In-person,Completed
8353,835,2025-12-14,Call,Email,"No Response"
8354,835,2025-12-20,Demo,Phone,Completed
8361,836,2025-04-21,Demo,Phone,Completed
8362,836,2025-04-27,Email,Video,Completed
8371,837,2025-12-28,"Proposal Follow-up",Email,Completed
8372,837,2026-01-03,Call,Phone,Completed
8373,837,2026-01-09,Demo,Video,Completed
8374,837,2026-01-15,Email,In-person,Completed
8375,837,2026-01-17,Meeting,Email,"No Response"
8381,838,2025-05-17,Email,In-person,Completed
8382,838,2025-05-19,Meeting,Email,Completed
8383,838,2025-05-25,"Proposal Follow-up",Phone,Completed
8384,838,2025-05-31,Call,Video,"No Response"
8391,839,2026-01-23,Call,Video,Completed
8392,839,2026-01-29,Demo,In-person,Completed
8393,839,2026-01-31,Email,Email,Completed
8394,839,2026-02-06,Meeting,Phone,Completed
8395,839,2026-02-12,"Proposal Follow-up",Video,Completed
8401,840,2025-06-08,Meeting,Phone,Completed
8402,840,2025-06-14,"Proposal Follow-up",Video,Completed
8403,840,2025-06-20,Call,In-person,Completed
8404,840,2025-06-22,Demo,Email,Completed
8411,841,2026-02-14,Demo,Email,Completed
8412,841,2026-02-20,Email,Phone,Completed
8413,841,2026-02-26,Meeting,Video,Completed
8414,841,2026-03-04,"Proposal Follow-up",In-person,Completed
8415,841,2026-03-06,Call,Email,"No Response"
8421,842,2025-07-04,"Proposal Follow-up",In-person,"No Response"
8422,842,2025-07-06,Call,Email,Completed
8423,842,2025-07-12,Demo,Phone,Completed
8431,843,2026-03-12,Email,Video,Completed
8432,843,2026-03-18,Meeting,In-person,Completed
8441,844,2025-07-26,Call,Phone,Completed
8442,844,2025-08-01,Demo,Video,Completed
8443,844,2025-08-07,Email,In-person,"No Response"
8444,844,2025-08-09,Meeting,Email,Completed
8451,845,2026-04-03,Meeting,Email,Completed
8452,845,2026-04-09,"Proposal Follow-up",Phone,"No Response"
8453,845,2026-04-15,Call,Video,Completed
8454,845,2026-04-21,Demo,In-person,Completed
8455,845,2026-04-23,Email,Email,Completed
8461,846,2026-04-18,Demo,In-person,Completed
8462,846,2026-04-20,Email,Email,Completed
8463,846,2026-04-26,Meeting,Phone,Completed
8471,847,2025-09-01,"Proposal Follow-up",Video,Completed
8472,847,2025-09-07,Call,In-person,Completed
8473,847,2025-09-09,Demo,Email,Completed
8474,847,2025-09-15,Email,Phone,"No Response"
8481,848,2025-01-15,Email,Phone,Completed
8482,848,2025-01-21,Meeting,Video,Completed
8483,848,2025-01-27,"Proposal Follow-up",In-person,"No Response"
8484,848,2025-01-29,Call,Email,Completed
8491,849,2025-09-23,Call,Email,Completed
8492,849,2025-09-29,Demo,Phone,Completed
8493,849,2025-10-05,Email,Video,Completed
8501,850,2025-02-10,Meeting,In-person,Completed
8502,850,2025-02-12,"Proposal Follow-up",Email,Completed
8503,850,2025-02-18,Call,Phone,Completed
8511,851,2025-10-19,Demo,Video,Completed
8512,851,2025-10-25,Email,In-person,Completed
8513,851,2025-10-27,Meeting,Email,Completed
8514,851,2025-11-02,"Proposal Follow-up",Phone,"No Response"
8515,851,2025-11-08,Call,Video,Completed
8521,852,2025-03-04,"Proposal Follow-up",Phone,Completed
8522,852,2025-03-10,Call,Video,Completed
8523,852,2025-03-16,Demo,In-person,Completed
8524,852,2025-03-18,Email,Email,Completed
8531,853,2025-11-10,Email,Email,Completed
8532,853,2025-11-16,Meeting,Phone,Completed
8533,853,2025-11-22,"Proposal Follow-up",Video,Completed
8534,853,2025-11-28,Call,In-person,Completed
8541,854,2025-03-30,Call,In-person,Completed
8542,854,2025-04-01,Demo,Email,Completed
8551,855,2025-12-06,Meeting,Video,"No Response"
8552,855,2025-12-12,"Proposal Follow-up",In-person,Completed
8553,855,2025-12-14,Call,Email,Completed
8554,855,2025-12-20,Demo,Phone,Completed
8555,855,2025-12-26,Email,Video,Completed
8561,856,2025-04-21,Demo,Phone,Completed
8562,856,2025-04-27,Email,Video,Completed
8571,857,2025-12-28,"Proposal Follow-up",Email,Completed
8572,857,2026-01-03,Call,Phone,Completed
8573,857,2026-01-09,Demo,Video,"No Response"
8574,857,2026-01-15,Email,In-person,Completed
8575,857,2026-01-17,Meeting,Email,Completed
8581,858,2025-05-17,Email,In-person,Completed
8582,858,2025-05-19,Meeting,Email,"No Response"
8583,858,2025-05-25,"Proposal Follow-up",Phone,Completed
8584,858,2025-05-31,Call,Video,Completed
8591,859,2026-01-23,Call,Video,Completed
8592,859,2026-01-29,Demo,In-person,Completed
8593,859,2026-01-31,Email,Email,Completed
8594,859,2026-02-06,Meeting,Phone,Completed
8595,859,2026-02-12,"Proposal Follow-up",Video,Completed
8601,860,2026-02-03,Meeting,Phone,Completed
8602,860,2026-02-09,"Proposal Follow-up",Video,Completed
8603,860,2026-02-15,Call,In-person,Completed
8604,860,2026-02-17,Demo,Email,"No Response"
8611,861,2025-06-19,Demo,Email,Completed
8612,861,2025-06-25,Email,Phone,Completed
8613,861,2025-07-01,Meeting,Video,"No Response"
8614,861,2025-07-07,"Proposal Follow-up",In-person,Completed
8621,862,2026-03-01,"Proposal Follow-up",In-person,Completed
8622,862,2026-03-03,Call,Email,Completed
8623,862,2026-03-09,Demo,Phone,Completed
8624,862,2026-03-15,Email,Video,Completed
8625,862,2026-03-21,Meeting,In-person,Completed
8631,863,2025-07-15,Email,Video,Completed
8632,863,2025-07-21,Meeting,In-person,Completed
8633,863,2025-07-23,"Proposal Follow-up",Email,Completed
8641,864,2026-03-23,Call,Phone,Completed
8642,864,2026-03-29,Demo,Video,Completed
8643,864,2026-04-04,Email,In-person,Completed
8644,864,2026-04-06,Meeting,Email,"No Response"
8651,865,2025-08-06,Meeting,Email,Completed
8652,865,2025-08-12,"Proposal Follow-up",Phone,Completed
8653,865,2025-08-18,Call,Video,Completed
8654,865,2025-08-24,Demo,In-person,Completed
8661,866,2026-04-18,Demo,In-person,Completed
8662,866,2026-04-20,Email,Email,Completed
8663,866,2026-04-26,Meeting,Phone,Completed
8664,866,2026-05-02,"Proposal Follow-up",Video,Completed
8671,867,2025-09-01,"Proposal Follow-up",Video,Completed
8672,867,2025-09-07,Call,In-person,"No Response"
8681,868,2025-01-15,Email,Phone,"No Response"
8682,868,2025-01-21,Meeting,Video,Completed
8683,868,2025-01-27,"Proposal Follow-up",In-person,Completed
8684,868,2025-01-29,Call,Email,Completed
8691,869,2025-09-23,Call,Email,Completed
8692,869,2025-09-29,Demo,Phone,Completed
8693,869,2025-10-05,Email,Video,Completed
8701,870,2025-02-10,Meeting,In-person,Completed
8702,870,2025-02-12,"Proposal Follow-up",Email,Completed
8703,870,2025-02-18,Call,Phone,"No Response"
8704,870,2025-02-24,Demo,Video,Completed
8705,870,2025-03-02,Email,In-person,Completed
8711,871,2025-10-19,Demo,Video,Completed
8712,871,2025-10-25,Email,In-person,"No Response"
8713,871,2025-10-27,Meeting,Email,Completed
8714,871,2025-11-02,"Proposal Follow-up",Phone,Completed
8721,872,2025-03-04,"Proposal Follow-up",Phone,Completed
8722,872,2025-03-10,Call,Video,Completed
8723,872,2025-03-16,Demo,In-person,Completed
8724,872,2025-03-18,Email,Email,Completed
8731,873,2025-11-10,Email,Email,Completed
8732,873,2025-11-16,Meeting,Phone,Completed
8733,873,2025-11-22,"Proposal Follow-up",Video,Completed
8741,874,2025-11-25,Call,In-person,Completed
8742,874,2025-11-27,Demo,Email,Completed
8743,874,2025-12-03,Email,Phone,"No Response"
8744,874,2025-12-09,Meeting,Video,Completed
8745,874,2025-12-15,"Proposal Follow-up",In-person,Completed
8751,875,2025-04-10,Meeting,Video,Completed
8752,875,2025-04-16,"Proposal Follow-up",In-person,Completed
8753,875,2025-04-18,Call,Email,Completed
8754,875,2025-04-24,Demo,Phone,Completed
8761,876,2025-12-17,Demo,Phone,Completed
8762,876,2025-12-23,Email,Video,Completed
8771,877,2025-05-02,"Proposal Follow-up",Email,Completed
8772,877,2025-05-08,Call,Phone,Completed
8773,877,2025-05-14,Demo,Video,Completed
8774,877,2025-05-20,Email,In-person,Completed
8781,878,2026-01-12,Email,In-person,Completed
8782,878,2026-01-14,Meeting,Email,Completed
8783,878,2026-01-20,"Proposal Follow-up",Phone,Completed
8784,878,2026-01-26,Call,Video,Completed
8785,878,2026-02-01,Demo,In-person,Completed
8791,879,2025-05-28,Call,Video,Completed
8792,879,2025-06-03,Demo,In-person,Completed
8793,879,2025-06-05,Email,Email,Completed
8801,880,2026-02-03,Meeting,Phone,Completed
8802,880,2026-02-09,"Proposal Follow-up",Video,"No Response"
8811,881,2025-06-19,Demo,Email,"No Response"
8812,881,2025-06-25,Email,Phone,Completed
8813,881,2025-07-01,Meeting,Video,Completed
8814,881,2025-07-07,"Proposal Follow-up",In-person,Completed
8821,882,2026-03-01,"Proposal Follow-up",In-person,Completed
8822,882,2026-03-03,Call,Email,Completed
8823,882,2026-03-09,Demo,Phone,Completed
8824,882,2026-03-15,Email,Video,Completed
8825,882,2026-03-21,Meeting,In-person,Completed
8831,883,2025-07-15,Email,Video,Completed
8832,883,2025-07-21,Meeting,In-person,Completed
8833,883,2025-07-23,"Proposal Follow-up",Email,"No Response"
8834,883,2025-07-29,Call,Phone,Completed
8835,883,2025-08-04,Demo,Video,Completed
8841,884,2026-03-23,Call,Phone,Completed
8842,884,2026-03-29,Demo,Video,"No Response"
8843,884,2026-04-04,Email,In-person,Completed
8851,885,2025-08-06,Meeting,Email,Completed
8852,885,2025-08-12,"Proposal Follow-up",Phone,Completed
8861,886,2026-04-18,Demo,In-person,Completed
8862,886,2026-04-20,Email,Email,Completed
8863,886,2026-04-26,Meeting,Phone,Completed
8864,886,2026-05-02,"Proposal Follow-up",Video,"No Response"
8865,886,2026-05-08,Call,In-person,Completed
8871,887,2025-09-01,"Proposal Follow-up",Video,Completed
8872,887,2025-09-07,Call,In-person,Completed
8873,887,2025-09-09,Demo,Email,"No Response"
8874,887,2025-09-15,Email,Phone,Completed
8875,887,2025-09-21,Meeting,Video,Completed
8881,888,2025-09-12,Email,Phone,Completed
8882,888,2025-09-18,Meeting,Video,Completed
8883,888,2025-09-24,"Proposal Follow-up",In-person,Completed
8884,888,2025-09-26,Call,Email,Completed
8885,888,2025-10-02,Demo,Phone,Completed
8891,889,2025-01-26,Call,Email,Completed
8892,889,2025-02-01,Demo,Phone,Completed
8893,889,2025-02-07,Email,Video,Completed
8894,889,2025-02-13,Meeting,In-person,Completed
8895,889,2025-02-15,"Proposal Follow-up",Email,"No Response"
8901,890,2025-10-08,Meeting,In-person,"No Response"
8902,890,2025-10-10,"Proposal Follow-up",Email,Completed
8903,890,2025-10-16,Call,Phone,Completed
8904,890,2025-10-22,Demo,Video,Completed
8911,891,2025-02-21,Demo,Video,Completed
8912,891,2025-02-27,Email,In-person,Completed
8913,891,2025-03-01,Meeting,Email,Completed
8921,892,2025-10-30,"Proposal Follow-up",Phone,Completed
8922,892,2025-11-05,Call,Video,Completed
8923,892,2025-11-11,Demo,In-person,Completed
8924,892,2025-11-13,Email,Email,Completed
8925,892,2025-11-19,Meeting,Phone,Completed
8931,893,2025-03-15,Email,Email,Completed
8932,893,2025-03-21,Meeting,Phone,"No Response"
8933,893,2025-03-27,"Proposal Follow-up",Video,Completed
8934,893,2025-04-02,Call,In-person,Completed
8941,894,2025-11-25,Call,In-person,"No Response"
8942,894,2025-11-27,Demo,Email,Completed
8943,894,2025-12-03,Email,Phone,Completed
8944,894,2025-12-09,Meeting,Video,Completed
8945,894,2025-12-15,"Proposal Follow-up",In-person,Completed
8951,895,2025-04-10,Meeting,Video,Completed
8952,895,2025-04-16,"Proposal Follow-up",In-person,Completed
8953,895,2025-04-18,Call,Email,Completed
8954,895,2025-04-24,Demo,Phone,Completed
8961,896,2025-12-17,Demo,Phone,Completed
8962,896,2025-12-23,Email,Video,Completed
8963,896,2025-12-29,Meeting,In-person,"No Response"
8964,896,2025-12-31,"Proposal Follow-up",Email,Completed
8965,896,2026-01-06,Call,Phone,Completed
8971,897,2025-05-02,"Proposal Follow-up",Email,Completed
8972,897,2025-05-08,Call,Phone,"No Response"
8973,897,2025-05-14,Demo,Video,Completed
8981,898,2026-01-12,Email,In-person,Completed
8982,898,2026-01-14,Meeting,Email,Completed
8983,898,2026-01-20,"Proposal Follow-up",Phone,Completed
8984,898,2026-01-26,Call,Video,Completed
8991,899,2025-05-28,Call,Video,Completed
8992,899,2025-06-03,Demo,In-person,Completed
8993,899,2025-06-05,Email,Email,Completed
8994,899,2025-06-11,Meeting,Phone,"No Response"
9001,900,2026-02-03,Meeting,Phone,Completed
9002,900,2026-02-09,"Proposal Follow-up",Video,Completed
9003,900,2026-02-15,Call,In-person,Completed
9004,900,2026-02-17,Demo,Email,Completed
9005,900,2026-02-23,Email,Phone,Completed
9011,901,2025-06-19,Demo,Email,Completed
9012,901,2025-06-25,Email,Phone,Completed
9013,901,2025-07-01,Meeting,Video,Completed
9014,901,2025-07-07,"Proposal Follow-up",In-person,Completed
9015,901,2025-07-09,Call,Email,Completed
9021,902,2025-07-04,"Proposal Follow-up",In-person,Completed
9022,902,2025-07-06,Call,Email,Completed
9023,902,2025-07-12,Demo,Phone,Completed
9024,902,2025-07-18,Email,Video,Completed
9031,903,2026-03-12,Email,Video,"No Response"
9032,903,2026-03-18,Meeting,In-person,Completed
9033,903,2026-03-20,"Proposal Follow-up",Email,Completed
9034,903,2026-03-26,Call,Phone,Completed
9041,904,2025-07-26,Call,Phone,Completed
9042,904,2025-08-01,Demo,Video,Completed
9043,904,2025-08-07,Email,In-person,Completed
9044,904,2025-08-09,Meeting,Email,Completed
9051,905,2026-04-03,Meeting,Email,Completed
9052,905,2026-04-09,"Proposal Follow-up",Phone,Completed
9053,905,2026-04-15,Call,Video,Completed
9054,905,2026-04-21,Demo,In-person,Completed
9061,906,2025-08-21,Demo,In-person,Completed
9062,906,2025-08-23,Email,Email,"No Response"
9071,907,2026-04-29,"Proposal Follow-up",Video,"No Response"
9072,907,2026-05-05,Call,In-person,Completed
9073,907,2026-05-07,Demo,Email,Completed
9074,907,2026-05-13,Email,Phone,Completed
9075,907,2026-05-19,Meeting,Video,Completed
9081,908,2025-09-12,Email,Phone,Completed
9082,908,2025-09-18,Meeting,Video,Completed
9083,908,2025-09-24,"Proposal Follow-up",In-person,Completed
9084,908,2025-09-26,Call,Email,Completed
9091,909,2025-01-26,Call,Email,Completed
9092,909,2025-02-01,Demo,Phone,Completed
9093,909,2025-02-07,Email,Video,"No Response"
9094,909,2025-02-13,Meeting,In-person,Completed
9101,910,2025-10-08,Meeting,In-person,Completed
9102,910,2025-10-10,"Proposal Follow-up",Email,"No Response"
9111,911,2025-02-21,Demo,Video,Completed
9112,911,2025-02-27,Email,In-person,Completed
9113,911,2025-03-01,Meeting,Email,Completed
9114,911,2025-03-07,"Proposal Follow-up",Phone,Completed
9121,912,2025-10-30,"Proposal Follow-up",Phone,Completed
9122,912,2025-11-05,Call,Video,Completed
9123,912,2025-11-11,Demo,In-person,Completed
9131,913,2025-03-15,Email,Email,Completed
9132,913,2025-03-21,Meeting,Phone,Completed
9133,913,2025-03-27,"Proposal Follow-up",Video,Completed
9134,913,2025-04-02,Call,In-person,Completed
9141,914,2025-11-25,Call,In-person,Completed
9142,914,2025-11-27,Demo,Email,Completed
9143,914,2025-12-03,Email,Phone,Completed
9151,915,2025-04-10,Meeting,Video,Completed
9152,915,2025-04-16,"Proposal Follow-up",In-person,Completed
9153,915,2025-04-18,Call,Email,Completed
9154,915,2025-04-24,Demo,Phone,Completed
9161,916,2025-04-21,Demo,Phone,"No Response"
9162,916,2025-04-27,Email,Video,Completed
9163,916,2025-05-03,Meeting,In-person,Completed
9171,917,2025-12-28,"Proposal Follow-up",Email,Completed
9172,917,2026-01-03,Call,Phone,Completed
9173,917,2026-01-09,Demo,Video,Completed
9174,917,2026-01-15,Email,In-person,Completed
9181,918,2025-05-17,Email,In-person,Completed
9182,918,2025-05-19,Meeting,Email,Completed
9183,918,2025-05-25,"Proposal Follow-up",Phone,Completed
9184,918,2025-05-31,Call,Video,Completed
9191,919,2026-01-23,Call,Video,Completed
9192,919,2026-01-29,Demo,In-person,"No Response"
9193,919,2026-01-31,Email,Email,Completed
9194,919,2026-02-06,Meeting,Phone,Completed
9201,920,2025-06-08,Meeting,Phone,"No Response"
9202,920,2025-06-14,"Proposal Follow-up",Video,Completed
9203,920,2025-06-20,Call,In-person,Completed
9204,920,2025-06-22,Demo,Email,Completed
9205,920,2025-06-28,Email,Phone,Completed
9211,921,2026-02-14,Demo,Email,Completed
9212,921,2026-02-20,Email,Phone,Completed
9213,921,2026-02-26,Meeting,Video,Completed
9214,921,2026-03-04,"Proposal Follow-up",In-person,"No Response"
9215,921,2026-03-06,Call,Email,Completed
9221,922,2025-07-04,"Proposal Follow-up",In-person,Completed
9222,922,2025-07-06,Call,Email,Completed
9223,922,2025-07-12,Demo,Phone,"No Response"
9224,922,2025-07-18,Email,Video,Completed
9225,922,2025-07-24,Meeting,In-person,Completed
9231,923,2026-03-12,Email,Video,Completed
9232,923,2026-03-18,Meeting,In-person,Completed
9233,923,2026-03-20,"Proposal Follow-up",Email,Completed
9234,923,2026-03-26,Call,Phone,Completed
9235,923,2026-04-01,Demo,Video,Completed
9241,924,2025-07-26,Call,Phone,Completed
9242,924,2025-08-01,Demo,Video,Completed
9243,924,2025-08-07,Email,In-person,Completed
9244,924,2025-08-09,Meeting,Email,Completed
9245,924,2025-08-15,"Proposal Follow-up",Phone,"No Response"
9251,925,2026-04-03,Meeting,Email,Completed
9252,925,2026-04-09,"Proposal Follow-up",Phone,Completed
9253,925,2026-04-15,Call,Video,Completed
9254,925,2026-04-21,Demo,In-person,"No Response"
9261,926,2025-08-21,Demo,In-person,Completed
9262,926,2025-08-23,Email,Email,Completed
9263,926,2025-08-29,Meeting,Phone,Completed
9264,926,2025-09-04,"Proposal Follow-up",Video,Completed
9271,927,2026-04-29,"Proposal Follow-up",Video,Completed
9272,927,2026-05-05,Call,In-person,Completed
9273,927,2026-05-07,Demo,Email,Completed
9281,928,2025-09-12,Email,Phone,Completed
9282,928,2025-09-18,Meeting,Video,Completed
9283,928,2025-09-24,"Proposal Follow-up",In-person,Completed
9284,928,2025-09-26,Call,Email,Completed
9285,928,2025-10-02,Demo,Phone,"No Response"
9291,929,2025-01-26,Call,Email,"No Response"
9292,929,2025-02-01,Demo,Phone,Completed
9293,929,2025-02-07,Email,Video,Completed
9294,929,2025-02-13,Meeting,In-person,Completed
9301,930,2025-10-08,Meeting,In-person,Completed
9302,930,2025-10-10,"Proposal Follow-up",Email,Completed
9303,930,2025-10-16,Call,Phone,Completed
9304,930,2025-10-22,Demo,Video,Completed
9305,930,2025-10-28,Email,In-person,Completed
9311,931,2025-10-19,Demo,Video,Completed
9312,931,2025-10-25,Email,In-person,Completed
9313,931,2025-10-27,Meeting,Email,Completed
9314,931,2025-11-02,"Proposal Follow-up",Phone,Completed
9321,932,2025-03-04,"Proposal Follow-up",Phone,Completed
9322,932,2025-03-10,Call,Video,"No Response"
9331,933,2025-11-10,Email,Email,"No Response"
9332,933,2025-11-16,Meeting,Phone,Completed
9333,933,2025-11-22,"Proposal Follow-up",Video,Completed
9334,933,2025-11-28,Call,In-person,Completed
9341,934,2025-03-30,Call,In-person,Completed
9342,934,2025-04-01,Demo,Email,Completed
9343,934,2025-04-07,Email,Phone,Completed
9344,934,2025-04-13,Meeting,Video,"No Response"
9345,934,2025-04-19,"Proposal Follow-up",In-person,Completed
9351,935,2025-12-06,Meeting,Video,Completed
9352,935,2025-12-12,"Proposal Follow-up",In-person,Completed
9353,935,2025-12-14,Call,Email,"No Response"
9354,935,2025-12-20,Demo,Phone,Completed
9361,936,2025-04-21,Demo,Phone,Completed
9362,936,2025-04-27,Email,Video,Completed
9363,936,2025-05-03,Meeting,In-person,Completed
9364,936,2025-05-05,"Proposal Follow-up",Email,Completed
9371,937,2025-12-28,"Proposal Follow-up",Email,Completed
9372,937,2026-01-03,Call,Phone,Completed
9373,937,2026-01-09,Demo,Video,Completed
9374,937,2026-01-15,Email,In-person,Completed
9381,938,2025-05-17,Email,In-person,Completed
9382,938,2025-05-19,Meeting,Email,Completed
9383,938,2025-05-25,"Proposal Follow-up",Phone,Completed
9384,938,2025-05-31,Call,Video,"No Response"
9385,938,2025-06-06,Demo,In-person,Completed
9391,939,2026-01-23,Call,Video,Completed
9392,939,2026-01-29,Demo,In-person,Completed
9393,939,2026-01-31,Email,Email,Completed
9394,939,2026-02-06,Meeting,Phone,Completed
9395,939,2026-02-12,"Proposal Follow-up",Video,Completed
9401,940,2025-06-08,Meeting,Phone,Completed
9402,940,2025-06-14,"Proposal Follow-up",Video,Completed
9403,940,2025-06-20,Call,In-person,Completed
9404,940,2025-06-22,Demo,Email,Completed
9405,940,2025-06-28,Email,Phone,Completed
9411,941,2026-02-14,Demo,Email,Completed
9412,941,2026-02-20,Email,Phone,Completed
9413,941,2026-02-26,Meeting,Video,Completed
9414,941,2026-03-04,"Proposal Follow-up",In-person,Completed
9415,941,2026-03-06,Call,Email,"No Response"
9421,942,2025-07-04,"Proposal Follow-up",In-person,"No Response"
9422,942,2025-07-06,Call,Email,Completed
9423,942,2025-07-12,Demo,Phone,Completed
9424,942,2025-07-18,Email,Video,Completed
9425,942,2025-07-24,Meeting,In-person,Completed
9431,943,2026-03-12,Email,Video,Completed
9432,943,2026-03-18,Meeting,In-person,Completed
9433,943,2026-03-20,"Proposal Follow-up",Email,Completed
9434,943,2026-03-26,Call,Phone,Completed
9441,944,2025-07-26,Call,Phone,Completed
9442,944,2025-08-01,Demo,Video,Completed
9451,945,2025-08-06,Meeting,Email,Completed
9452,945,2025-08-12,"Proposal Follow-up",Phone,"No Response"
9453,945,2025-08-18,Call,Video,Completed
9454,945,2025-08-24,Demo,In-person,Completed
9461,946,2026-04-18,Demo,In-person,Completed
9462,946,2026-04-20,Email,Email,Completed
9463,946,2026-04-26,Meeting,Phone,Completed
9464,946,2026-05-02,"Proposal Follow-up",Video,Completed
9471,947,2025-09-01,"Proposal Follow-up",Video,Completed
9472,947,2025-09-07,Call,In-person,Completed
9473,947,2025-09-09,Demo,Email,Completed
9474,947,2025-09-15,Email,Phone,"No Response"
9475,947,2025-09-21,Meeting,Video,Completed
9481,948,2025-01-15,Email,Phone,Completed
9482,948,2025-01-21,Meeting,Video,Completed
9483,948,2025-01-27,"Proposal Follow-up",In-person,"No Response"
9484,948,2025-01-29,Call,Email,Completed
9491,949,2025-09-23,Call,Email,Completed
9492,949,2025-09-29,Demo,Phone,Completed
9493,949,2025-10-05,Email,Video,Completed
9494,949,2025-10-11,Meeting,In-person,Completed
9495,949,2025-10-13,"Proposal Follow-up",Email,Completed
9501,950,2025-02-10,Meeting,In-person,Completed
9502,950,2025-02-12,"Proposal Follow-up",Email,Completed
9503,950,2025-02-18,Call,Phone,Completed
9504,950,2025-02-24,Demo,Video,Completed
9511,951,2025-10-19,Demo,Video,Completed
9512,951,2025-10-25,Email,In-person,Completed
9513,951,2025-10-27,Meeting,Email,Completed
9514,951,2025-11-02,"Proposal Follow-up",Phone,"No Response"
9515,951,2025-11-08,Call,Video,Completed
9521,952,2025-03-04,"Proposal Follow-up",Phone,Completed
9522,952,2025-03-10,Call,Video,Completed
9531,953,2025-11-10,Email,Email,Completed
9532,953,2025-11-16,Meeting,Phone,Completed
9533,953,2025-11-22,"Proposal Follow-up",Video,Completed
9534,953,2025-11-28,Call,In-person,Completed
9541,954,2025-03-30,Call,In-person,Completed
9542,954,2025-04-01,Demo,Email,Completed
9543,954,2025-04-07,Email,Phone,Completed
9544,954,2025-04-13,Meeting,Video,Completed
9545,954,2025-04-19,"Proposal Follow-up",In-person,Completed
9551,955,2025-12-06,Meeting,Video,"No Response"
9552,955,2025-12-12,"Proposal Follow-up",In-person,Completed
9553,955,2025-12-14,Call,Email,Completed
9561,956,2025-04-21,Demo,Phone,Completed
9562,956,2025-04-27,Email,Video,Completed
9563,956,2025-05-03,Meeting,In-person,Completed
9564,956,2025-05-05,"Proposal Follow-up",Email,Completed
9571,957,2025-12-28,"Proposal Follow-up",Email,Completed
9572,957,2026-01-03,Call,Phone,Completed
9573,957,2026-01-09,Demo,Video,"No Response"
9574,957,2026-01-15,Email,In-person,Completed
9581,958,2025-05-17,Email,In-person,Completed
9582,958,2025-05-19,Meeting,Email,"No Response"
9583,958,2025-05-25,"Proposal Follow-up",Phone,Completed
9584,958,2025-05-31,Call,Video,Completed
9591,959,2025-05-28,Call,Video,Completed
9592,959,2025-06-03,Demo,In-person,Completed
9593,959,2025-06-05,Email,Email,Completed
9594,959,2025-06-11,Meeting,Phone,Completed
9601,960,2026-02-03,Meeting,Phone,Completed
9602,960,2026-02-09,"Proposal Follow-up",Video,Completed
9603,960,2026-02-15,Call,In-person,Completed
9604,960,2026-02-17,Demo,Email,"No Response"
9611,961,2025-06-19,Demo,Email,Completed
9612,961,2025-06-25,Email,Phone,Completed
9613,961,2025-07-01,Meeting,Video,"No Response"
9614,961,2025-07-07,"Proposal Follow-up",In-person,Completed
9621,962,2026-03-01,"Proposal Follow-up",In-person,Completed
9622,962,2026-03-03,Call,Email,Completed
9623,962,2026-03-09,Demo,Phone,Completed
9624,962,2026-03-15,Email,Video,Completed
9631,963,2025-07-15,Email,Video,Completed
9632,963,2025-07-21,Meeting,In-person,Completed
9641,964,2026-03-23,Call,Phone,Completed
9642,964,2026-03-29,Demo,Video,Completed
9643,964,2026-04-04,Email,In-person,Completed
9644,964,2026-04-06,Meeting,Email,"No Response"
9645,964,2026-04-12,"Proposal Follow-up",Phone,Completed
9651,965,2025-08-06,Meeting,Email,Completed
9652,965,2025-08-12,"Proposal Follow-up",Phone,Completed
9653,965,2025-08-18,Call,Video,Completed
9654,965,2025-08-24,Demo,In-person,Completed
9661,966,2026-04-18,Demo,In-person,Completed
9662,966,2026-04-20,Email,Email,Completed
9663,966,2026-04-26,Meeting,Phone,Completed
9671,967,2025-09-01,"Proposal Follow-up",Video,Completed
9672,967,2025-09-07,Call,In-person,"No Response"
9673,967,2025-09-09,Demo,Email,Completed
9674,967,2025-09-15,Email,Phone,Completed
9681,968,2025-01-15,Email,Phone,"No Response"
9682,968,2025-01-21,Meeting,Video,Completed
9683,968,2025-01-27,"Proposal Follow-up",In-person,Completed
9684,968,2025-01-29,Call,Email,Completed
9691,969,2025-09-23,Call,Email,Completed
9692,969,2025-09-29,Demo,Phone,Completed
9693,969,2025-10-05,Email,Video,Completed
9694,969,2025-10-11,Meeting,In-person,Completed
9701,970,2025-02-10,Meeting,In-person,Completed
9702,970,2025-02-12,"Proposal Follow-up",Email,Completed
9703,970,2025-02-18,Call,Phone,"No Response"
9711,971,2025-10-19,Demo,Video,Completed
9712,971,2025-10-25,Email,In-person,"No Response"
9713,971,2025-10-27,Meeting,Email,Completed
9714,971,2025-11-02,"Proposal Follow-up",Phone,Completed
9721,972,2025-03-04,"Proposal Follow-up",Phone,Completed
9722,972,2025-03-10,Call,Video,Completed
9723,972,2025-03-16,Demo,In-person,Completed
9724,972,2025-03-18,Email,Email,Completed
9731,973,2025-03-15,Email,Email,Completed
9732,973,2025-03-21,Meeting,Phone,Completed
9733,973,2025-03-27,"Proposal Follow-up",Video,Completed
9741,974,2025-11-25,Call,In-person,Completed
9742,974,2025-11-27,Demo,Email,Completed
9751,975,2025-04-10,Meeting,Video,Completed
9752,975,2025-04-16,"Proposal Follow-up",In-person,Completed
9753,975,2025-04-18,Call,Email,Completed
9754,975,2025-04-24,Demo,Phone,Completed
9761,976,2025-12-17,Demo,Phone,Completed
9762,976,2025-12-23,Email,Video,Completed
9763,976,2025-12-29,Meeting,In-person,Completed
9764,976,2025-12-31,"Proposal Follow-up",Email,Completed
9771,977,2025-05-02,"Proposal Follow-up",Email,Completed
9772,977,2025-05-08,Call,Phone,Completed
9773,977,2025-05-14,Demo,Video,Completed
9774,977,2025-05-20,Email,In-person,Completed
9781,978,2026-01-12,Email,In-person,Completed
9782,978,2026-01-14,Meeting,Email,Completed
9783,978,2026-01-20,"Proposal Follow-up",Phone,Completed
9784,978,2026-01-26,Call,Video,Completed
9791,979,2025-05-28,Call,Video,Completed
9792,979,2025-06-03,Demo,In-person,Completed
9793,979,2025-06-05,Email,Email,Completed
9794,979,2025-06-11,Meeting,Phone,Completed
9801,980,2026-02-03,Meeting,Phone,Completed
9802,980,2026-02-09,"Proposal Follow-up",Video,"No Response"
9803,980,2026-02-15,Call,In-person,Completed
9804,980,2026-02-17,Demo,Email,Completed
9811,981,2025-06-19,Demo,Email,"No Response"
9812,981,2025-06-25,Email,Phone,Completed
9813,981,2025-07-01,Meeting,Video,Completed
9821,982,2026-03-01,"Proposal Follow-up",In-person,Completed
9822,982,2026-03-03,Call,Email,Completed
9823,982,2026-03-09,Demo,Phone,Completed
9824,982,2026-03-15,Email,Video,Completed
9825,982,2026-03-21,Meeting,In-person,Completed
9831,983,2025-07-15,Email,Video,Completed
9832,983,2025-07-21,Meeting,In-person,Completed
9833,983,2025-07-23,"Proposal Follow-up",Email,"No Response"
9834,983,2025-07-29,Call,Phone,Completed
9841,984,2026-03-23,Call,Phone,Completed
9842,984,2026-03-29,Demo,Video,"No Response"
9843,984,2026-04-04,Email,In-person,Completed
9844,984,2026-04-06,Meeting,Email,Completed
9851,985,2025-08-06,Meeting,Email,Completed
9852,985,2025-08-12,"Proposal Follow-up",Phone,Completed
9853,985,2025-08-18,Call,Video,Completed
9854,985,2025-08-24,Demo,In-person,Completed
9855,985,2025-08-26,Email,Email,Completed
9861,986,2026-04-18,Demo,In-person,Completed
9862,986,2026-04-20,Email,Email,Completed
9863,986,2026-04-26,Meeting,Phone,Completed
9864,986,2026-05-02,"Proposal Follow-up",Video,"No Response"
9871,987,2026-04-29,"Proposal Follow-up",Video,Completed
9872,987,2026-05-05,Call,In-person,Completed
9873,987,2026-05-07,Demo,Email,"No Response"
9881,988,2025-09-12,Email,Phone,Completed
9882,988,2025-09-18,Meeting,Video,Completed
9883,988,2025-09-24,"Proposal Follow-up",In-person,Completed
9884,988,2025-09-26,Call,Email,Completed
9891,989,2025-01-26,Call,Email,Completed
9892,989,2025-02-01,Demo,Phone,Completed
9893,989,2025-02-07,Email,Video,Completed
9894,989,2025-02-13,Meeting,In-person,Completed
9895,989,2025-02-15,"Proposal Follow-up",Email,"No Response"
9901,990,2025-10-08,Meeting,In-person,"No Response"
9902,990,2025-10-10,"Proposal Follow-up",Email,Completed
9911,991,2025-02-21,Demo,Video,Completed
9912,991,2025-02-27,Email,In-person,Completed
9921,992,2025-10-30,"Proposal Follow-up",Phone,Completed
9922,992,2025-11-05,Call,Video,Completed
9923,992,2025-11-11,Demo,In-person,Completed
9924,992,2025-11-13,Email,Email,Completed
9931,993,2025-03-15,Email,Email,Completed
9932,993,2025-03-21,Meeting,Phone,"No Response"
9933,993,2025-03-27,"Proposal Follow-up",Video,Completed
9934,993,2025-04-02,Call,In-person,Completed
9935,993,2025-04-04,Demo,Email,Completed
9941,994,2025-11-25,Call,In-person,"No Response"
9942,994,2025-11-27,Demo,Email,Completed
9943,994,2025-12-03,Email,Phone,Completed
9944,994,2025-12-09,Meeting,Video,Completed
9945,994,2025-12-15,"Proposal Follow-up",In-person,Completed
9951,995,2025-04-10,Meeting,Video,Completed
9952,995,2025-04-16,"Proposal Follow-up",In-person,Completed
9953,995,2025-04-18,Call,Email,Completed
9961,996,2025-12-17,Demo,Phone,Completed
9962,996,2025-12-23,Email,Video,Completed
9963,996,2025-12-29,Meeting,In-person,"No Response"
9971,997,2025-05-02,"Proposal Follow-up",Email,Completed
9972,997,2025-05-08,Call,Phone,"No Response"
9973,997,2025-05-14,Demo,Video,Completed
9974,997,2025-05-20,Email,In-person,Completed
9975,997,2025-05-22,Meeting,Email,Completed
9981,998,2026-01-12,Email,In-person,Completed
9982,998,2026-01-14,Meeting,Email,Completed
9983,998,2026-01-20,"Proposal Follow-up",Phone,Completed
9984,998,2026-01-26,Call,Video,Completed
9985,998,2026-02-01,Demo,In-person,"No Response"
9991,999,2025-05-28,Call,Video,Completed
9992,999,2025-06-03,Demo,In-person,Completed
9993,999,2025-06-05,Email,Email,Completed
9994,999,2025-06-11,Meeting,Phone,"No Response"
10001,1000,2026-02-03,Meeting,Phone,Completed
10002,1000,2026-02-09,"Proposal Follow-up",Video,Completed
